SHOW DATABASES;

USE managingtimesheets;

SHOW TABLES;

/*populate login*/
INSERT INTO logins (login_id,email,password,access_level) VALUES (1,'lobortis@felispurusac.edu','enim,',2);
INSERT INTO logins (login_id,email,password,access_level) VALUES (2,'quis.arcu.vel@augueporttitor.org','Quisque',1);
INSERT INTO logins (login_id,email,password,access_level) VALUES (3,'Phasellus@quamelementumat.ca','tortor',1);
INSERT INTO logins (login_id,email,password,access_level) VALUES (4,'eu@Sed.net','neque',0);
INSERT INTO logins (login_id,email,password,access_level) VALUES (5,'Duis.mi@ipsum.com','diam',2);
INSERT INTO logins (login_id,email,password,access_level) VALUES (6,'ultrices.posuere@eutelluseu.ca','sodales',2);
INSERT INTO logins (login_id,email,password,access_level) VALUES (7,'Suspendisse.tristique@ut.edu','nibh',0);
INSERT INTO logins (login_id,email,password,access_level) VALUES (8,'Praesent.luctus@iaculisaliquet.ca','nunc',0);
INSERT INTO logins (login_id,email,password,access_level) VALUES (9,'Nullam@euismodestarcu.net','facilisis',0);
INSERT INTO logins (login_id,email,password,access_level) VALUES (10,'quis.diam.Pellentesque@euismod.ca','lectus',1);
INSERT INTO logins (login_id,email,password,access_level) VALUES (11,'sollicitudin.commodo@tempor.co.uk','Ut',0);
INSERT INTO logins (login_id,email,password,access_level) VALUES (12,'velit.in@sapienCras.com','elementum',2);
INSERT INTO logins (login_id,email,password,access_level) VALUES (13,'Curabitur.dictum@ullamcorpereueuismod.net','leo',2);
INSERT INTO logins (login_id,email,password,access_level) VALUES (14,'ac.risus.Morbi@seddictumeleifend.edu','magna',0);
INSERT INTO logins (login_id,email,password,access_level) VALUES (15,'lacus@tristique.edu','njkks',2);
INSERT INTO logins (login_id,email,password,access_level) VALUES (16,'quam.Pellentesque@Pellentesquetincidunttempus.com','tellus',1);
INSERT INTO logins (login_id,email,password,access_level) VALUES (17,'ac.orci@bibendumullamcorperDuis.org','nec',2);
INSERT INTO logins (login_id,email,password,access_level) VALUES (18,'mus.Proin.vel@feugiatLoremipsum.com','enim',0);
INSERT INTO logins (login_id,email,password,access_level) VALUES (19,'est@a.co.uk','vehicula',2);
INSERT INTO logins (login_id,email,password,access_level) VALUES (20,'id.magna.et@rutrum.net','Sed',1);
INSERT INTO logins (login_id,email,password,access_level) VALUES (21,'semper.tellus@dui.co.uk','dolor',0);
INSERT INTO logins (login_id,email,password,access_level) VALUES (22,'cursus.a@fringillapurus.org','atullamcor',1);
INSERT INTO logins (login_id,email,password,access_level) VALUES (23,'sit.amet@penatibusetmagnis.co.uk','at',2);
INSERT INTO logins (login_id,email,password,access_level) VALUES (24,'sodales.elit@Nuncsedorci.org','Nunc',0);
INSERT INTO logins (login_id,email,password,access_level) VALUES (25,'nulla.Donec@Suspendissealiquetmolestie.edu','eu',1);
INSERT INTO logins (login_id,email,password,access_level) VALUES (26,'felis.Nulla.tempor@adipiscing.co.uk','ipsum',1);
INSERT INTO logins (login_id,email,password,access_level) VALUES (27,'mollis.Duis.sit@netusetmalesuada.net','consecteer',0);
INSERT INTO logins (login_id,email,password,access_level) VALUES (28,'risus@tincidunt.net','ullamcorper',2);
INSERT INTO logins (login_id,email,password,access_level) VALUES (29,'amet.diam@pede.edu','interdum',2);
INSERT INTO logins (login_id,email,password,access_level) VALUES (30,'Ut@ametconsectetueradipiscing.ca','ligula',1);
INSERT INTO logins (login_id,email,password,access_level) VALUES (31,'malesuada@fringilla.co.uk','pellentesque',2);
INSERT INTO logins (login_id,email,password,access_level) VALUES (32,'accumsan.neque@In.co.uk','nibh',1);
INSERT INTO logins (login_id,email,password,access_level) VALUES (33,'litora.torquent@Aeneangravida.org','ridiculus',2);
INSERT INTO logins (login_id,email,password,access_level) VALUES (34,'et@nisiMaurisnulla.com','Aenean',2);
INSERT INTO logins (login_id,email,password,access_level) VALUES (35,'erat@venenatisamagna.ca','imperdiet',2);
INSERT INTO logins (login_id,email,password,access_level) VALUES (36,'gravida@Proinsed.com','Integer',1);
INSERT INTO logins (login_id,email,password,access_level) VALUES (37,'amet.luctus.vulputate@Sedid.org','in',0);
INSERT INTO logins (login_id,email,password,access_level) VALUES (38,'in.consequat.enim@adui.edu','sed,',0);
INSERT INTO logins (login_id,email,password,access_level) VALUES (39,'quis@PraesentluctusCurabitur.com','elit',1);
INSERT INTO logins (login_id,email,password,access_level) VALUES (40,'orci.Phasellus@Donecsollicitudin.edu','vel',1);
INSERT INTO logins (login_id,email,password,access_level) VALUES (41,'dolor.nonummy.ac@luctuset.com','quis',0);
INSERT INTO logins (login_id,email,password,access_level) VALUES (42,'molestie.arcu@sedliberoProin.co.uk','venenatis',1);
INSERT INTO logins (login_id,email,password,access_level) VALUES (43,'neque@miacmattis.edu','luctus',1);
INSERT INTO logins (login_id,email,password,access_level) VALUES (44,'morbi.tristique@ornarefacilisiseget.org','sit',1);
INSERT INTO logins (login_id,email,password,access_level) VALUES (45,'Cras@adipiscingnonluctus.org','nunc',1);
INSERT INTO logins (login_id,email,password,access_level) VALUES (46,'parturient.montes.nascetur@Quisque.co.uk','amet,',1);
INSERT INTO logins (login_id,email,password,access_level) VALUES (47,'urna@pedeultrices.co.uk','augue.',2);
INSERT INTO logins (login_id,email,password,access_level) VALUES (48,'ac.libero@Nuncullamcorper.com','risus',2);
INSERT INTO logins (login_id,email,password,access_level) VALUES (49,'gravida.mauris.ut@vitae.org','sodales',0);
INSERT INTO logins (login_id,email,password,access_level) VALUES (50,'vel.lectus@ligulaDonec.ca','Vestibulum',2);


/*populate admin*/
INSERT INTO admins (admin_firstName, admin_lastName) VALUES ('Dan', 'Davies');
INSERT INTO admins (admin_firstName, admin_lastName) VALUES ('Ben', 'Jones');

/*Populate agency*/
INSERT INTO agencies (agency_id,agency_name) VALUES (1,'Tempor Diam Dictum Consulting');
INSERT INTO agencies (agency_id,agency_name) VALUES (2,'Nascetur Limited');
INSERT INTO agencies(agency_id,agency_name) VALUES (3,'Feugiat Placerat Velit Ltd');
INSERT INTO agencies(agency_id,agency_name) VALUES (4,'Eu Consulting');
INSERT INTO agencies(agency_id,agency_name) VALUES (5,'Congue Turpis In Limited');
INSERT INTO agencies(agency_id,agency_name) VALUES (6,'Lobortis Class Aptent Ltd');
INSERT INTO agencies(agency_id,agency_name) VALUES (7,'Nunc Ltd');
INSERT INTO agencies(agency_id,agency_name) VALUES (8,'Commodo PC');
INSERT INTO agencies(agency_id,agency_name) VALUES (9,'Netus Et Malesuada Ltd');
INSERT INTO agencies(agency_id,agency_name) VALUES (10,'Aliquam LLC');
INSERT INTO agencies(agency_id,agency_name) VALUES (11,'Purus Maecenas Libero Institute');
INSERT INTO agencies(agency_id,agency_name) VALUES (12,'Nibh Quisque PC');
INSERT INTO agencies(agency_id,agency_name) VALUES (13,'Rutrum Eu Ultrices Associates');
INSERT INTO agencies(agency_id,agency_name) VALUES (14,'Sed Auctor Company');
INSERT INTO agencies(agency_id,agency_name) VALUES (15,'Massa Rutrum Limited');
INSERT INTO agencies(agency_id,agency_name) VALUES (16,'Porttitor Interdum Sed LLP');
INSERT INTO agencies(agency_id,agency_name) VALUES (17,'Elit Aliquam Auctor LLC');
INSERT INTO agencies(agency_id,agency_name) VALUES (18,'Justo Proin Non LLP');
INSERT INTO agencies(agency_id,agency_name) VALUES (19,'Congue A Aliquet PC');
INSERT INTO agencies(agency_id,agency_name) VALUES (20,'Nulla Tincidunt Ltd');
INSERT INTO agencies(agency_id,agency_name) VALUES (21,'Velit Dui Corp.');
INSERT INTO agencies(agency_id,agency_name) VALUES (22,'Maecenas Corp.');
INSERT INTO agencies(agency_id,agency_name) VALUES (23,'Auctor Velit Eget PC');
INSERT INTO agencies(agency_id,agency_name) VALUES (24,'Non Nisi Aenean LLC');
INSERT INTO agencies(agency_id,agency_name) VALUES (25,'Et Rutrum PC');
INSERT INTO agencies(agency_id,agency_name) VALUES (26,'Ac Facilisis Facilisis Institute');
INSERT INTO agencies(agency_id,agency_name) VALUES (27,'Arcu LLP');
INSERT INTO agencies(agency_id,agency_name) VALUES (28,'Quam Quis Diam LLC');
INSERT INTO agencies(agency_id,agency_name) VALUES (29,'Id Inc.');
INSERT INTO agencies(agency_id,agency_name) VALUES (30,'Quis Diam Limited');
INSERT INTO agencies(agency_id,agency_name) VALUES (31,'Nulla Cras Incorporated');
INSERT INTO agencies(agency_id,agency_name) VALUES (32,'Sem Egestas Blandit Associates');
INSERT INTO agencies(agency_id,agency_name) VALUES (33,'Fringilla Est LLP');
INSERT INTO agencies(agency_id,agency_name) VALUES (34,'Vulputate Corp.');
INSERT INTO agencies(agency_id,agency_name) VALUES (35,'Tellus Sem Mollis LLP');
INSERT INTO agencies(agency_id,agency_name) VALUES (36,'Tincidunt Congue Turpis Ltd');
INSERT INTO agencies(agency_id,agency_name) VALUES (37,'Euismod Ac Consulting');
INSERT INTO agencies(agency_id,agency_name) VALUES (38,'Cras Dictum Foundation');
INSERT INTO agencies(agency_id,agency_name) VALUES (39,'Suspendisse Inc.');
INSERT INTO agencies(agency_id,agency_name) VALUES (40,'Augue Ac Institute');
INSERT INTO agencies(agency_id,agency_name) VALUES (41,'Non Vestibulum Nec Associates');
INSERT INTO agencies(agency_id,agency_name) VALUES (42,'Quis LLP');
INSERT INTO agencies(agency_id,agency_name) VALUES (43,'Sapien LLP');
INSERT INTO agencies(agency_id,agency_name) VALUES (44,'Faucibus Corporation');
INSERT INTO agencies(agency_id,agency_name) VALUES (45,'Fringilla Incorporated');
INSERT INTO agencies(agency_id,agency_name) VALUES (46,'Vitae Posuere Corporation');
INSERT INTO agencies(agency_id,agency_name) VALUES (47,'Dolor Nonummy Inc.');
INSERT INTO agencies(agency_id,agency_name) VALUES (48,'Montes Institute');
INSERT INTO agencies(agency_id,agency_name) VALUES (49,'Est Ac Corp.');
INSERT INTO agencies(agency_id,agency_name) VALUES (50,'Velit Inc.');

/*Populate manager*/
INSERT INTO managers (manager_id,manager_firstname,manager_lastname,login_id) VALUES (1,'Sandra','Doyle',16);
INSERT INTO managers (manager_id,manager_firstname,manager_lastname,login_id) VALUES (2,'Matthew','Burke',20);
INSERT INTO managers (manager_id,manager_firstname,manager_lastname,login_id) VALUES (3,'Donovan','Henry',48);
INSERT INTO managers (manager_id,manager_firstname,manager_lastname,login_id) VALUES (4,'Stephanie','Guzman',21);
INSERT INTO managers (manager_id,manager_firstname,manager_lastname,login_id) VALUES (5,'Shaine','Bradford',24);
INSERT INTO managers (manager_id,manager_firstname,manager_lastname,login_id) VALUES (6,'Owen','Rowe',11);
INSERT INTO managers (manager_id,manager_firstname,manager_lastname,login_id) VALUES (7,'Amos','Zimmerman',18);
INSERT INTO managers (manager_id,manager_firstname,manager_lastname,login_id) VALUES (8,'Julie','Colon',19);
INSERT INTO managers (manager_id,manager_firstname,manager_lastname,login_id) VALUES (9,'Daphne','Dickerson',41);
INSERT INTO managers (manager_id,manager_firstname,manager_lastname,login_id) VALUES (10,'Rylee','Klein',20);
INSERT INTO managers (manager_id,manager_firstname,manager_lastname,login_id) VALUES (11,'Echo','Mayer',8);
INSERT INTO managers (manager_id,manager_firstname,manager_lastname,login_id) VALUES (12,'Myra','Koch',37);
INSERT INTO managers (manager_id,manager_firstname,manager_lastname,login_id) VALUES (13,'Amy','Norris',12);
INSERT INTO managers (manager_id,manager_firstname,manager_lastname,login_id) VALUES (14,'Dexter','Boyd',4);
INSERT INTO managers (manager_id,manager_firstname,manager_lastname,login_id) VALUES (15,'Ila','Castaneda',48);
INSERT INTO managers (manager_id,manager_firstname,manager_lastname,login_id) VALUES (16,'Amir','Klein',15);
INSERT INTO managers (manager_id,manager_firstname,manager_lastname,login_id) VALUES (17,'Molly','Calderon',49);
INSERT INTO managers (manager_id,manager_firstname,manager_lastname,login_id) VALUES (18,'Clarke','Cervantes',39);
INSERT INTO managers (manager_id,manager_firstname,manager_lastname,login_id) VALUES (19,'Raymond','Rocha',20);
INSERT INTO managers (manager_id,manager_firstname,manager_lastname,login_id) VALUES (20,'Kathleen','Medina',7);
INSERT INTO managers (manager_id,manager_firstname,manager_lastname,login_id) VALUES (21,'Charissa','Bonner',9);
INSERT INTO managers (manager_id,manager_firstname,manager_lastname,login_id) VALUES (22,'Hu','David',35);
INSERT INTO managers (manager_id,manager_firstname,manager_lastname,login_id) VALUES (23,'Kitra','Gordon',41);
INSERT INTO managers (manager_id,manager_firstname,manager_lastname,login_id) VALUES (24,'Evan','Cummings',3);
INSERT INTO managers (manager_id,manager_firstname,manager_lastname,login_id) VALUES (25,'Zephania','Mills',46);
INSERT INTO managers (manager_id,manager_firstname,manager_lastname,login_id) VALUES (26,'Hilda','Mcdaniel',14);
INSERT INTO managers (manager_id,manager_firstname,manager_lastname,login_id) VALUES (27,'Kennedy','Weaver',22);
INSERT INTO managers (manager_id,manager_firstname,manager_lastname,login_id) VALUES (28,'Amethyst','Vazquez',13);
INSERT INTO managers (manager_id,manager_firstname,manager_lastname,login_id) VALUES (29,'Forrest','Lindsay',27);
INSERT INTO managers (manager_id,manager_firstname,manager_lastname,login_id) VALUES (30,'Daria','Goff',9);
INSERT INTO managers (manager_id,manager_firstname,manager_lastname,login_id) VALUES (31,'Emmanuel','Yates',12);
INSERT INTO managers (manager_id,manager_firstname,manager_lastname,login_id) VALUES (32,'Derek','Mckay',15);
INSERT INTO managers (manager_id,manager_firstname,manager_lastname,login_id) VALUES (33,'Len','Browning',4);
INSERT INTO managers (manager_id,manager_firstname,manager_lastname,login_id) VALUES (34,'Althea','Bartlett',3);
INSERT INTO managers (manager_id,manager_firstname,manager_lastname,login_id) VALUES (35,'Farrah','Riggs',14);
INSERT INTO managers (manager_id,manager_firstname,manager_lastname,login_id) VALUES (36,'Keefe','Crawford',41);
INSERT INTO managers (manager_id,manager_firstname,manager_lastname,login_id) VALUES (37,'Dale','Singleton',13);
INSERT INTO managers (manager_id,manager_firstname,manager_lastname,login_id) VALUES (38,'Benjamin','Stark',30);
INSERT INTO managers (manager_id,manager_firstname,manager_lastname,login_id) VALUES (39,'Gwendolyn','Bender',14);
INSERT INTO managers (manager_id,manager_firstname,manager_lastname,login_id) VALUES (40,'Basil','Marks',6);
INSERT INTO managers (manager_id,manager_firstname,manager_lastname,login_id) VALUES (41,'Armando','Cash',1);
INSERT INTO managers (manager_id,manager_firstname,manager_lastname,login_id) VALUES (42,'Keefe','Kirby',40);
INSERT INTO managers (manager_id,manager_firstname,manager_lastname,login_id) VALUES (43,'Derek','Mcclure',3);
INSERT INTO managers (manager_id,manager_firstname,manager_lastname,login_id) VALUES (44,'Garth','Mcneil',44);
INSERT INTO managers (manager_id,manager_firstname,manager_lastname,login_id) VALUES (45,'Wallace','Kim',12);
INSERT INTO managers (manager_id,manager_firstname,manager_lastname,login_id) VALUES (46,'Haley','Perry',23);
INSERT INTO managers (manager_id,manager_firstname,manager_lastname,login_id) VALUES (47,'Carolyn','Peterson',8);
INSERT INTO managers (manager_id,manager_firstname,manager_lastname,login_id) VALUES (48,'Sophia','Carr',7);
INSERT INTO managers (manager_id,manager_firstname,manager_lastname,login_id) VALUES (49,'Gregory','Kaufman',15);
INSERT INTO managers (manager_id,manager_firstname,manager_lastname,login_id) VALUES (50,'Emery','Shannon',50);
/*Populate contractor*/
INSERT INTO contractors (contractor_id,contractor_firstname,contractor_lastname,login_id,manager_id) VALUES (1,'Anne','Bond',49,16);
INSERT INTO contractors (contractor_id,contractor_firstname,contractor_lastname,login_id,manager_id) VALUES (2,'Joy','Leblanc',17,40);
INSERT INTO contractors (contractor_id,contractor_firstname,contractor_lastname,login_id,manager_id) VALUES (3,'Hakeem','Martinez',18,14);
INSERT INTO contractors (contractor_id,contractor_firstname,contractor_lastname,login_id,manager_id) VALUES (4,'Cynthia','Alford',50,50);
INSERT INTO contractors (contractor_id,contractor_firstname,contractor_lastname,login_id,manager_id) VALUES (5,'Malachi','Rojas',17,48);
INSERT INTO contractors (contractor_id,contractor_firstname,contractor_lastname,login_id,manager_id) VALUES (6,'Armando','Richards',12,16);
INSERT INTO contractors (contractor_id,contractor_firstname,contractor_lastname,login_id,manager_id) VALUES (7,'Salvador','Mclean',22,18);
INSERT INTO contractors (contractor_id,contractor_firstname,contractor_lastname,login_id,manager_id) VALUES (8,'Ray','Walter',12,39);
INSERT INTO contractors (contractor_id,contractor_firstname,contractor_lastname,login_id,manager_id) VALUES (9,'Lesley','Hampton',48,41);
INSERT INTO contractors (contractor_id,contractor_firstname,contractor_lastname,login_id,manager_id) VALUES (10,'Raja','Roman',17,1);
INSERT INTO contractors (contractor_id,contractor_firstname,contractor_lastname,login_id,manager_id) VALUES (11,'Eliana','Nicholson',29,43);
INSERT INTO contractors (contractor_id,contractor_firstname,contractor_lastname,login_id,manager_id) VALUES (12,'Lillith','Padilla',24,30);
INSERT INTO contractors (contractor_id,contractor_firstname,contractor_lastname,login_id,manager_id) VALUES (13,'Jamal','Jacobson',31,35);
INSERT INTO contractors (contractor_id,contractor_firstname,contractor_lastname,login_id,manager_id) VALUES (14,'Hakeem','Houston',28,5);
INSERT INTO contractors (contractor_id,contractor_firstname,contractor_lastname,login_id,manager_id) VALUES (15,'Nola','Morales',17,41);
INSERT INTO contractors (contractor_id,contractor_firstname,contractor_lastname,login_id,manager_id) VALUES (16,'Jasper','Mejia',3,18);
INSERT INTO contractors (contractor_id,contractor_firstname,contractor_lastname,login_id,manager_id) VALUES (17,'Joshua','Hubbard',35,36);
INSERT INTO contractors (contractor_id,contractor_firstname,contractor_lastname,login_id,manager_id) VALUES (18,'Illiana','Giles',22,7);
INSERT INTO contractors (contractor_id,contractor_firstname,contractor_lastname,login_id,manager_id) VALUES (19,'Vernon','Townsend',36,43);
INSERT INTO contractors (contractor_id,contractor_firstname,contractor_lastname,login_id,manager_id) VALUES (20,'Gray','Allen',41,29);
INSERT INTO contractors (contractor_id,contractor_firstname,contractor_lastname,login_id,manager_id) VALUES (21,'Helen','Mcneil',29,46);
INSERT INTO contractors (contractor_id,contractor_firstname,contractor_lastname,login_id,manager_id) VALUES (22,'Chelsea','Blake',27,39);
INSERT INTO contractors (contractor_id,contractor_firstname,contractor_lastname,login_id,manager_id) VALUES (23,'Drew','Buck',35,2);
INSERT INTO contractors (contractor_id,contractor_firstname,contractor_lastname,login_id,manager_id) VALUES (24,'Wayne','Avila',16,24);
INSERT INTO contractors (contractor_id,contractor_firstname,contractor_lastname,login_id,manager_id) VALUES (25,'Audrey','Turner',24,49);
INSERT INTO contractors (contractor_id,contractor_firstname,contractor_lastname,login_id,manager_id) VALUES (26,'Aurelia','Jordan',24,37);
INSERT INTO contractors (contractor_id,contractor_firstname,contractor_lastname,login_id,manager_id) VALUES (27,'Maia','Cline',5,40);
INSERT INTO contractors (contractor_id,contractor_firstname,contractor_lastname,login_id,manager_id) VALUES (28,'Aubrey','Black',46,13);
INSERT INTO contractors (contractor_id,contractor_firstname,contractor_lastname,login_id,manager_id) VALUES (29,'Deanna','Olson',38,5);
INSERT INTO contractors (contractor_id,contractor_firstname,contractor_lastname,login_id,manager_id) VALUES (30,'Macy','Stein',2,22);
INSERT INTO contractors (contractor_id,contractor_firstname,contractor_lastname,login_id,manager_id) VALUES (31,'Upton','Mclean',8,44);
INSERT INTO contractors (contractor_id,contractor_firstname,contractor_lastname,login_id,manager_id) VALUES (32,'Guy','Meadows',3,12);
INSERT INTO contractors (contractor_id,contractor_firstname,contractor_lastname,login_id,manager_id) VALUES (33,'Geraldine','Arnold',45,46);
INSERT INTO contractors (contractor_id,contractor_firstname,contractor_lastname,login_id,manager_id) VALUES (34,'Brenna','Nolan',11,24);
INSERT INTO contractors (contractor_id,contractor_firstname,contractor_lastname,login_id,manager_id) VALUES (35,'Meredith','Richardson',45,11);
INSERT INTO contractors (contractor_id,contractor_firstname,contractor_lastname,login_id,manager_id) VALUES (36,'Kirby','Buchanan',6,46);
INSERT INTO contractors (contractor_id,contractor_firstname,contractor_lastname,login_id,manager_id) VALUES (37,'Erin','Norton',35,8);
INSERT INTO contractors (contractor_id,contractor_firstname,contractor_lastname,login_id,manager_id) VALUES (38,'Rama','Hudson',10,14);
INSERT INTO contractors (contractor_id,contractor_firstname,contractor_lastname,login_id,manager_id) VALUES (39,'Eugenia','Kirkland',43,12);
INSERT INTO contractors (contractor_id,contractor_firstname,contractor_lastname,login_id,manager_id) VALUES (40,'Odessa','Compton',36,21);
INSERT INTO contractors (contractor_id,contractor_firstname,contractor_lastname,login_id,manager_id) VALUES (41,'Aspen','Frederick',24,3);
INSERT INTO contractors (contractor_id,contractor_firstname,contractor_lastname,login_id,manager_id) VALUES (42,'Brendan','House',28,42);
INSERT INTO contractors (contractor_id,contractor_firstname,contractor_lastname,login_id,manager_id) VALUES (43,'Todd','Slater',12,12);
INSERT INTO contractors (contractor_id,contractor_firstname,contractor_lastname,login_id,manager_id) VALUES (44,'Buckminster','Holman',23,1);
INSERT INTO contractors (contractor_id,contractor_firstname,contractor_lastname,login_id,manager_id) VALUES (45,'Hilda','Flynn',14,20);
INSERT INTO contractors (contractor_id,contractor_firstname,contractor_lastname,login_id,manager_id) VALUES (46,'Brynne','Lopez',12,46);
INSERT INTO contractors (contractor_id,contractor_firstname,contractor_lastname,login_id,manager_id) VALUES (47,'Liberty','Cantrell',34,41);
INSERT INTO contractors (contractor_id,contractor_firstname,contractor_lastname,login_id,manager_id) VALUES (48,'Maris','Dorsey',20,48);
INSERT INTO contractors (contractor_id,contractor_firstname,contractor_lastname,login_id,manager_id) VALUES (49,'Yeo','Walls',37,33);
INSERT INTO contractors (contractor_id,contractor_firstname,contractor_lastname,login_id,manager_id) VALUES (50,'Shad','Ferrell',6,11);

/*Populate time sheet*/
INSERT INTO timesheets (timesheet_id,days_worked,overtime,start_date,status) VALUES (1,'14',1,'2019/11/16','Suspendisse');
INSERT INTO timesheets (timesheet_id,days_worked,overtime,start_date,status) VALUES (2,'16',3,'2019/11/19','adipiscing');
INSERT INTO timesheets (timesheet_id,days_worked,overtime,start_date,status) VALUES (3,'02',9,'2019/11/15','sociis');
INSERT INTO timesheets (timesheet_id,days_worked,overtime,start_date,status) VALUES (4,'17',2,'2019/11/20','mauris.');
INSERT INTO timesheets (timesheet_id,days_worked,overtime,start_date,status) VALUES (5,'21',2,'2019/11/16','natoque');
INSERT INTO timesheets (timesheet_id,days_worked,overtime,start_date,status) VALUES (6,'23',8,'2019/11/14','lacinia.');
INSERT INTO timesheets (timesheet_id,days_worked,overtime,start_date,status) VALUES (7,'27',9,'2019/11/16','volutpat.');
INSERT INTO timesheets (timesheet_id,days_worked,overtime,start_date,status) VALUES (8,'26',3,'2019/11/14','magna');
INSERT INTO timesheets (timesheet_id,days_worked,overtime,start_date,status) VALUES (9,'24',9,'2019/11/18','molestie');
INSERT INTO timesheets (timesheet_id,days_worked,overtime,start_date,status) VALUES (10,'05',8,'2019/11/16','fringilla');
INSERT INTO timesheets (timesheet_id,days_worked,overtime,start_date,status) VALUES (11,'25',10,'2019/11/14','congue');
INSERT INTO timesheets (timesheet_id,days_worked,overtime,start_date,status) VALUES (12,'19',1,'2019/11/14','fringilla,');
INSERT INTO timesheets (timesheet_id,days_worked,overtime,start_date,status) VALUES (13,'28',8,'2019/11/20','ut');
INSERT INTO timesheets (timesheet_id,days_worked,overtime,start_date,status) VALUES (14,'04',5,'2019/11/17','purus');
INSERT INTO timesheets (timesheet_id,days_worked,overtime,start_date,status) VALUES (15,'24',1,'2019/11/17','sem,');
INSERT INTO timesheets (timesheet_id,days_worked,overtime,start_date,status) VALUES (16,'17',8,'2019/11/20','interdum');
INSERT INTO timesheets (timesheet_id,days_worked,overtime,start_date,status) VALUES (17,'20',4,'2019/11/19','urna');
INSERT INTO timesheets (timesheet_id,days_worked,overtime,start_date,status) VALUES (18,'23',0,'2019/11/14','ipsum');
INSERT INTO timesheets (timesheet_id,days_worked,overtime,start_date,status) VALUES (19,'28',6,'2019/11/17','sed');
INSERT INTO timesheets (timesheet_id,days_worked,overtime,start_date,status) VALUES (20,'14',7,'2019/11/21','Quisque');
INSERT INTO timesheets (timesheet_id,days_worked,overtime,start_date,status) VALUES (21,'23',9,'2019/11/19','arcu.');
INSERT INTO timesheets (timesheet_id,days_worked,overtime,start_date,status) VALUES (22,'22',3,'2019/11/21','in');
INSERT INTO timesheets (timesheet_id,days_worked,overtime,start_date,status) VALUES (23,'21',9,'2019/11/14','senectus');
INSERT INTO timesheets (timesheet_id,days_worked,overtime,start_date,status) VALUES (24,'31',6,'2019/11/18','quis');
INSERT INTO timesheets (timesheet_id,days_worked,overtime,start_date,status) VALUES (25,'17',6,'2019/11/14','lacinia');
INSERT INTO timesheets (timesheet_id,days_worked,overtime,start_date,status) VALUES (26,'31',5,'2019/11/14','sit');
INSERT INTO timesheets (timesheet_id,days_worked,overtime,start_date,status) VALUES (27,'11',0,'2019/11/16','ante.');
INSERT INTO timesheets (timesheet_id,days_worked,overtime,start_date,status) VALUES (28,'16',9,'2019/11/20','et');
INSERT INTO timesheets (timesheet_id,days_worked,overtime,start_date,status) VALUES (29,'01',4,'2019/11/15','justo');
INSERT INTO timesheets (timesheet_id,days_worked,overtime,start_date,status) VALUES (30,'21',9,'2019/11/15','euismod');
INSERT INTO timesheets (timesheet_id,days_worked,overtime,start_date,status) VALUES (31,'20',8,'2019/11/21','tellus');
INSERT INTO timesheets (timesheet_id,days_worked,overtime,start_date,status) VALUES (32,'19',6,'2019/11/15','sem.');
INSERT INTO timesheets (timesheet_id,days_worked,overtime,start_date,status) VALUES (33,'19',5,'2019/11/21','sem,');
INSERT INTO timesheets (timesheet_id,days_worked,overtime,start_date,status) VALUES (34,'01',6,'2019/11/19','Donec');
INSERT INTO timesheets (timesheet_id,days_worked,overtime,start_date,status) VALUES (35,'05',8,'2019/11/21','sem');
INSERT INTO timesheets (timesheet_id,days_worked,overtime,start_date,status) VALUES (36,'20',10,'2019/11/15','Curabitur');
INSERT INTO timesheets (timesheet_id,days_worked,overtime,start_date,status) VALUES (37,'02',6,'2019/11/17','ullamcorper,');
INSERT INTO timesheets (timesheet_id,days_worked,overtime,start_date,status) VALUES (38,'11',8,'2019/11/14','at');
INSERT INTO timesheets (timesheet_id,days_worked,overtime,start_date,status) VALUES (39,'11',10,'2019/11/20','congue,');
INSERT INTO timesheets (timesheet_id,days_worked,overtime,start_date,status) VALUES (40,'24',5,'2019/11/16','tortor');
INSERT INTO timesheets (timesheet_id,days_worked,overtime,start_date,status) VALUES (41,'13',4,'2019/11/15','Integer');
INSERT INTO timesheets (timesheet_id,days_worked,overtime,start_date,status) VALUES (42,'05',5,'2019/11/14','ultricies');
INSERT INTO timesheets (timesheet_id,days_worked,overtime,start_date,status) VALUES (43,'29',6,'2019/11/19','Nunc');
INSERT INTO timesheets (timesheet_id,days_worked,overtime,start_date,status) VALUES (44,'16',10,'2019/11/21','eu');
INSERT INTO timesheets (timesheet_id,days_worked,overtime,start_date,status) VALUES (45,'25',8,'2019/11/16','risus.');
INSERT INTO timesheets (timesheet_id,days_worked,overtime,start_date,status) VALUES (46,'16',5,'2019/11/16','convallis');
INSERT INTO timesheets (timesheet_id,days_worked,overtime,start_date,status) VALUES (47,'27',7,'2019/11/19','egestas');
INSERT INTO timesheets (timesheet_id,days_worked,overtime,start_date,status) VALUES (48,'18',8,'2019/11/16','enim.');
INSERT INTO timesheets (timesheet_id,days_worked,overtime,start_date,status) VALUES (49,'30',10,'2019/11/16','Aenean');
INSERT INTO timesheets (timesheet_id,days_worked,overtime,start_date,status) VALUES (50,'31',5,'2019/11/20','mollis');

/*Populate agency contractor*/
INSERT INTO agency_contractors (agency_contractor_id,agency_id,contractor_id,timesheet_id) VALUES (1,22,25,49);
INSERT INTO agency_contractors (agency_contractor_id,agency_id,contractor_id,timesheet_id) VALUES (2,7,9,14);
INSERT INTO agency_contractors (agency_contractor_id,agency_id,contractor_id,timesheet_id) VALUES (3,48,15,27);
INSERT INTO agency_contractors (agency_contractor_id,agency_id,contractor_id,timesheet_id) VALUES (4,21,49,44);
INSERT INTO agency_contractors (agency_contractor_id,agency_id,contractor_id,timesheet_id) VALUES (5,3,46,14);
INSERT INTO agency_contractors (agency_contractor_id,agency_id,contractor_id,timesheet_id) VALUES (6,35,45,28);
INSERT INTO agency_contractors (agency_contractor_id,agency_id,contractor_id,timesheet_id) VALUES (7,18,34,42);
INSERT INTO agency_contractors (agency_contractor_id,agency_id,contractor_id,timesheet_id) VALUES (8,24,34,37);
INSERT INTO agency_contractors (agency_contractor_id,agency_id,contractor_id,timesheet_id) VALUES (9,39,44,35);
INSERT INTO agency_contractors (agency_contractor_id,agency_id,contractor_id,timesheet_id) VALUES (10,4,17,47);
INSERT INTO agency_contractors (agency_contractor_id,agency_id,contractor_id,timesheet_id) VALUES (11,16,23,5);
INSERT INTO agency_contractors (agency_contractor_id,agency_id,contractor_id,timesheet_id) VALUES (12,41,40,35);
INSERT INTO agency_contractors (agency_contractor_id,agency_id,contractor_id,timesheet_id) VALUES (13,6,41,30);
INSERT INTO agency_contractors (agency_contractor_id,agency_id,contractor_id,timesheet_id) VALUES (14,30,13,16);
INSERT INTO agency_contractors (agency_contractor_id,agency_id,contractor_id,timesheet_id) VALUES (15,21,6,15);
INSERT INTO agency_contractors (agency_contractor_id,agency_id,contractor_id,timesheet_id) VALUES (16,5,9,6);
INSERT INTO agency_contractors (agency_contractor_id,agency_id,contractor_id,timesheet_id) VALUES (17,40,41,22);
INSERT INTO agency_contractors (agency_contractor_id,agency_id,contractor_id,timesheet_id) VALUES (18,23,47,44);
INSERT INTO agency_contractors (agency_contractor_id,agency_id,contractor_id,timesheet_id) VALUES (19,35,16,1);
INSERT INTO agency_contractors (agency_contractor_id,agency_id,contractor_id,timesheet_id) VALUES (20,46,18,28);
INSERT INTO agency_contractors (agency_contractor_id,agency_id,contractor_id,timesheet_id) VALUES (21,37,41,23);
INSERT INTO agency_contractors (agency_contractor_id,agency_id,contractor_id,timesheet_id) VALUES (22,8,12,40);
INSERT INTO agency_contractors (agency_contractor_id,agency_id,contractor_id,timesheet_id) VALUES (23,42,20,14);
INSERT INTO agency_contractors (agency_contractor_id,agency_id,contractor_id,timesheet_id) VALUES (24,33,19,7);
INSERT INTO agency_contractors (agency_contractor_id,agency_id,contractor_id,timesheet_id) VALUES (25,6,32,32);
INSERT INTO agency_contractors (agency_contractor_id,agency_id,contractor_id,timesheet_id) VALUES (26,4,9,21);
INSERT INTO agency_contractors (agency_contractor_id,agency_id,contractor_id,timesheet_id) VALUES (27,15,23,22);
INSERT INTO agency_contractors (agency_contractor_id,agency_id,contractor_id,timesheet_id) VALUES (28,38,48,4);
INSERT INTO agency_contractors (agency_contractor_id,agency_id,contractor_id,timesheet_id) VALUES (29,20,3,11);
INSERT INTO agency_contractors (agency_contractor_id,agency_id,contractor_id,timesheet_id) VALUES (30,13,28,17);
INSERT INTO agency_contractors (agency_contractor_id,agency_id,contractor_id,timesheet_id) VALUES (31,26,20,10);
INSERT INTO agency_contractors (agency_contractor_id,agency_id,contractor_id,timesheet_id) VALUES (32,8,49,22);
INSERT INTO agency_contractors (agency_contractor_id,agency_id,contractor_id,timesheet_id) VALUES (33,2,41,41);
INSERT INTO agency_contractors (agency_contractor_id,agency_id,contractor_id,timesheet_id) VALUES (34,9,30,16);
INSERT INTO agency_contractors (agency_contractor_id,agency_id,contractor_id,timesheet_id) VALUES (35,17,24,21);
INSERT INTO agency_contractors (agency_contractor_id,agency_id,contractor_id,timesheet_id) VALUES (36,15,45,31);
INSERT INTO agency_contractors (agency_contractor_id,agency_id,contractor_id,timesheet_id) VALUES (37,4,38,42);
INSERT INTO agency_contractors (agency_contractor_id,agency_id,contractor_id,timesheet_id) VALUES (38,3,22,20);
INSERT INTO agency_contractors (agency_contractor_id,agency_id,contractor_id,timesheet_id) VALUES (39,8,29,40);
INSERT INTO agency_contractors (agency_contractor_id,agency_id,contractor_id,timesheet_id) VALUES (40,29,5,35);
INSERT INTO agency_contractors (agency_contractor_id,agency_id,contractor_id,timesheet_id) VALUES (41,38,17,12);
INSERT INTO agency_contractors (agency_contractor_id,agency_id,contractor_id,timesheet_id) VALUES (42,18,15,46);
INSERT INTO agency_contractors (agency_contractor_id,agency_id,contractor_id,timesheet_id) VALUES (43,50,40,7);
INSERT INTO agency_contractors (agency_contractor_id,agency_id,contractor_id,timesheet_id) VALUES (44,47,38,33);
INSERT INTO agency_contractors (agency_contractor_id,agency_id,contractor_id,timesheet_id) VALUES (45,13,42,13);
INSERT INTO agency_contractors (agency_contractor_id,agency_id,contractor_id,timesheet_id) VALUES (46,27,23,11);
INSERT INTO agency_contractors (agency_contractor_id,agency_id,contractor_id,timesheet_id) VALUES (47,5,44,17);
INSERT INTO agency_contractors (agency_contractor_id,agency_id,contractor_id,timesheet_id) VALUES (48,6,22,9);
INSERT INTO agency_contractors (agency_contractor_id,agency_id,contractor_id,timesheet_id) VALUES (49,24,43,36);
INSERT INTO agency_contractors (agency_contractor_id,agency_id,contractor_id,timesheet_id) VALUES (50,14,34,6);
