SHOW DATABASES;

USE managingtimesheet;

SHOW TABLES;

/*populate login*/
INSERT INTO login (login_id,email,password,access_level) VALUES (1,'lobortis@felispurusac.edu','enim,',2);
INSERT INTO login (login_id,email,password,access_level) VALUES (2,'quis.arcu.vel@augueporttitor.org','Quisque',1);
INSERT INTO login (login_id,email,password,access_level) VALUES (3,'Phasellus@quamelementumat.ca','tortor',1);
INSERT INTO login (login_id,email,password,access_level) VALUES (4,'eu@Sed.net','neque',0);
INSERT INTO login (login_id,email,password,access_level) VALUES (5,'Duis.mi@ipsum.com','diam',2);
INSERT INTO login (login_id,email,password,access_level) VALUES (6,'ultrices.posuere@eutelluseu.ca','sodales',2);
INSERT INTO login (login_id,email,password,access_level) VALUES (7,'Suspendisse.tristique@ut.edu','nibh',0);
INSERT INTO login (login_id,email,password,access_level) VALUES (8,'Praesent.luctus@iaculisaliquet.ca','nunc',0);
INSERT INTO login (login_id,email,password,access_level) VALUES (9,'Nullam@euismodestarcu.net','facilisis',0);
INSERT INTO login (login_id,email,password,access_level) VALUES (10,'quis.diam.Pellentesque@euismod.ca','lectus',1);
INSERT INTO login (login_id,email,password,access_level) VALUES (11,'sollicitudin.commodo@tempor.co.uk','Ut',0);
INSERT INTO login (login_id,email,password,access_level) VALUES (12,'velit.in@sapienCras.com','elementum',2);
INSERT INTO login (login_id,email,password,access_level) VALUES (13,'Curabitur.dictum@ullamcorpereueuismod.net','leo',2);
INSERT INTO login (login_id,email,password,access_level) VALUES (14,'ac.risus.Morbi@seddictumeleifend.edu','magna',0);
INSERT INTO login (login_id,email,password,access_level) VALUES (15,'lacus@tristique.edu','njkks',2);
INSERT INTO login (login_id,email,password,access_level) VALUES (16,'quam.Pellentesque@Pellentesquetincidunttempus.com','tellus',1);
INSERT INTO login (login_id,email,password,access_level) VALUES (17,'ac.orci@bibendumullamcorperDuis.org','nec',2);
INSERT INTO login (login_id,email,password,access_level) VALUES (18,'mus.Proin.vel@feugiatLoremipsum.com','enim',0);
INSERT INTO login (login_id,email,password,access_level) VALUES (19,'est@a.co.uk','vehicula',2);
INSERT INTO login (login_id,email,password,access_level) VALUES (20,'id.magna.et@rutrum.net','Sed',1);
INSERT INTO login (login_id,email,password,access_level) VALUES (21,'semper.tellus@dui.co.uk','dolor',0);
INSERT INTO login (login_id,email,password,access_level) VALUES (22,'cursus.a@fringillapurus.org','atullamcor',1);
INSERT INTO login (login_id,email,password,access_level) VALUES (23,'sit.amet@penatibusetmagnis.co.uk','at',2);
INSERT INTO login (login_id,email,password,access_level) VALUES (24,'sodales.elit@Nuncsedorci.org','Nunc',0);
INSERT INTO login (login_id,email,password,access_level) VALUES (25,'nulla.Donec@Suspendissealiquetmolestie.edu','eu',1);
INSERT INTO login (login_id,email,password,access_level) VALUES (26,'felis.Nulla.tempor@adipiscing.co.uk','ipsum',1);
INSERT INTO login (login_id,email,password,access_level) VALUES (27,'mollis.Duis.sit@netusetmalesuada.net','consecteer',0);
INSERT INTO login (login_id,email,password,access_level) VALUES (28,'risus@tincidunt.net','ullamcorper',2);
INSERT INTO login (login_id,email,password,access_level) VALUES (29,'amet.diam@pede.edu','interdum',2);
INSERT INTO login (login_id,email,password,access_level) VALUES (30,'Ut@ametconsectetueradipiscing.ca','ligula',1);
INSERT INTO login (login_id,email,password,access_level) VALUES (31,'malesuada@fringilla.co.uk','pellentesque',2);
INSERT INTO login (login_id,email,password,access_level) VALUES (32,'accumsan.neque@In.co.uk','nibh',1);
INSERT INTO login (login_id,email,password,access_level) VALUES (33,'litora.torquent@Aeneangravida.org','ridiculus',2);
INSERT INTO login (login_id,email,password,access_level) VALUES (34,'et@nisiMaurisnulla.com','Aenean',2);
INSERT INTO login (login_id,email,password,access_level) VALUES (35,'erat@venenatisamagna.ca','imperdiet',2);
INSERT INTO login (login_id,email,password,access_level) VALUES (36,'gravida@Proinsed.com','Integer',1);
INSERT INTO login (login_id,email,password,access_level) VALUES (37,'amet.luctus.vulputate@Sedid.org','in',0);
INSERT INTO login (login_id,email,password,access_level) VALUES (38,'in.consequat.enim@adui.edu','sed,',0);
INSERT INTO login (login_id,email,password,access_level) VALUES (39,'quis@PraesentluctusCurabitur.com','elit',1);
INSERT INTO login (login_id,email,password,access_level) VALUES (40,'orci.Phasellus@Donecsollicitudin.edu','vel',1);
INSERT INTO login (login_id,email,password,access_level) VALUES (41,'dolor.nonummy.ac@luctuset.com','quis',0);
INSERT INTO login (login_id,email,password,access_level) VALUES (42,'molestie.arcu@sedliberoProin.co.uk','venenatis',1);
INSERT INTO login (login_id,email,password,access_level) VALUES (43,'neque@miacmattis.edu','luctus',1);
INSERT INTO login (login_id,email,password,access_level) VALUES (44,'morbi.tristique@ornarefacilisiseget.org','sit',1);
INSERT INTO login (login_id,email,password,access_level) VALUES (45,'Cras@adipiscingnonluctus.org','nunc',1);
INSERT INTO login (login_id,email,password,access_level) VALUES (46,'parturient.montes.nascetur@Quisque.co.uk','amet,',1);
INSERT INTO login (login_id,email,password,access_level) VALUES (47,'urna@pedeultrices.co.uk','augue.',2);
INSERT INTO login (login_id,email,password,access_level) VALUES (48,'ac.libero@Nuncullamcorper.com','risus',2);
INSERT INTO login (login_id,email,password,access_level) VALUES (49,'gravida.mauris.ut@vitae.org','sodales',0);
INSERT INTO login (login_id,email,password,access_level) VALUES (50,'vel.lectus@ligulaDonec.ca','Vestibulum',2);


/*populate admin*/
INSERT INTO admin (admin_firstName, admin_lastName) VALUES ('Dan', 'Davies');
INSERT INTO admin (admin_firstName, admin_lastName) VALUES ('Ben', 'Jones');

/*Populate agency*/
INSERT INTO agency (agency_id,agency_name) VALUES (1,'Tempor Diam Dictum Consulting');
INSERT INTO agency (agency_id,agency_name) VALUES (2,'Nascetur Limited');
INSERT INTO agency (agency_id,agency_name) VALUES (3,'Feugiat Placerat Velit Ltd');
INSERT INTO agency (agency_id,agency_name) VALUES (4,'Eu Consulting');
INSERT INTO agency (agency_id,agency_name) VALUES (5,'Congue Turpis In Limited');
INSERT INTO agency (agency_id,agency_name) VALUES (6,'Lobortis Class Aptent Ltd');
INSERT INTO agency (agency_id,agency_name) VALUES (7,'Nunc Ltd');
INSERT INTO agency (agency_id,agency_name) VALUES (8,'Commodo PC');
INSERT INTO agency (agency_id,agency_name) VALUES (9,'Netus Et Malesuada Ltd');
INSERT INTO agency (agency_id,agency_name) VALUES (10,'Aliquam LLC');
INSERT INTO agency (agency_id,agency_name) VALUES (11,'Purus Maecenas Libero Institute');
INSERT INTO agency (agency_id,agency_name) VALUES (12,'Nibh Quisque PC');
INSERT INTO agency (agency_id,agency_name) VALUES (13,'Rutrum Eu Ultrices Associates');
INSERT INTO agency (agency_id,agency_name) VALUES (14,'Sed Auctor Company');
INSERT INTO agency (agency_id,agency_name) VALUES (15,'Massa Rutrum Limited');
INSERT INTO agency (agency_id,agency_name) VALUES (16,'Porttitor Interdum Sed LLP');
INSERT INTO agency (agency_id,agency_name) VALUES (17,'Elit Aliquam Auctor LLC');
INSERT INTO agency (agency_id,agency_name) VALUES (18,'Justo Proin Non LLP');
INSERT INTO agency (agency_id,agency_name) VALUES (19,'Congue A Aliquet PC');
INSERT INTO agency (agency_id,agency_name) VALUES (20,'Nulla Tincidunt Ltd');
INSERT INTO agency (agency_id,agency_name) VALUES (21,'Velit Dui Corp.');
INSERT INTO agency (agency_id,agency_name) VALUES (22,'Maecenas Corp.');
INSERT INTO agency (agency_id,agency_name) VALUES (23,'Auctor Velit Eget PC');
INSERT INTO agency (agency_id,agency_name) VALUES (24,'Non Nisi Aenean LLC');
INSERT INTO agency (agency_id,agency_name) VALUES (25,'Et Rutrum PC');
INSERT INTO agency (agency_id,agency_name) VALUES (26,'Ac Facilisis Facilisis Institute');
INSERT INTO agency (agency_id,agency_name) VALUES (27,'Arcu LLP');
INSERT INTO agency (agency_id,agency_name) VALUES (28,'Quam Quis Diam LLC');
INSERT INTO agency (agency_id,agency_name) VALUES (29,'Id Inc.');
INSERT INTO agency (agency_id,agency_name) VALUES (30,'Quis Diam Limited');
INSERT INTO agency (agency_id,agency_name) VALUES (31,'Nulla Cras Incorporated');
INSERT INTO agency (agency_id,agency_name) VALUES (32,'Sem Egestas Blandit Associates');
INSERT INTO agency (agency_id,agency_name) VALUES (33,'Fringilla Est LLP');
INSERT INTO agency (agency_id,agency_name) VALUES (34,'Vulputate Corp.');
INSERT INTO agency (agency_id,agency_name) VALUES (35,'Tellus Sem Mollis LLP');
INSERT INTO agency (agency_id,agency_name) VALUES (36,'Tincidunt Congue Turpis Ltd');
INSERT INTO agency (agency_id,agency_name) VALUES (37,'Euismod Ac Consulting');
INSERT INTO agency (agency_id,agency_name) VALUES (38,'Cras Dictum Foundation');
INSERT INTO agency (agency_id,agency_name) VALUES (39,'Suspendisse Inc.');
INSERT INTO agency (agency_id,agency_name) VALUES (40,'Augue Ac Institute');
INSERT INTO agency (agency_id,agency_name) VALUES (41,'Non Vestibulum Nec Associates');
INSERT INTO agency (agency_id,agency_name) VALUES (42,'Quis LLP');
INSERT INTO agency (agency_id,agency_name) VALUES (43,'Sapien LLP');
INSERT INTO agency (agency_id,agency_name) VALUES (44,'Faucibus Corporation');
INSERT INTO agency (agency_id,agency_name) VALUES (45,'Fringilla Incorporated');
INSERT INTO agency (agency_id,agency_name) VALUES (46,'Vitae Posuere Corporation');
INSERT INTO agency (agency_id,agency_name) VALUES (47,'Dolor Nonummy Inc.');
INSERT INTO agency (agency_id,agency_name) VALUES (48,'Montes Institute');
INSERT INTO agency (agency_id,agency_name) VALUES (49,'Est Ac Corp.');
INSERT INTO agency (agency_id,agency_name) VALUES (50,'Velit Inc.');

/*Populate manager*/
INSERT INTO manager (manager_id,manager_firstname,manager_lastname,login_id) VALUES (1,'Noble','Clayton',13);
INSERT INTO manager (manager_id,manager_firstname,manager_lastname,login_id) VALUES (2,'Carl','Rasmussen',25);
INSERT INTO manager (manager_id,manager_firstname,manager_lastname,login_id) VALUES (3,'Miranda','Bernard',20);
INSERT INTO manager (manager_id,manager_firstname,manager_lastname,login_id) VALUES (4,'Palmer','Houston',7);
INSERT INTO manager (manager_id,manager_firstname,manager_lastname,login_id) VALUES (5,'Abel','Harrington',49);
INSERT INTO manager (manager_id,manager_firstname,manager_lastname,login_id) VALUES (6,'Brenden','Meyer',34);
INSERT INTO manager (manager_id,manager_firstname,manager_lastname,login_id) VALUES (7,'Julian','Padilla',47);
INSERT INTO manager (manager_id,manager_firstname,manager_lastname,login_id) VALUES (8,'Lucian','Mcguire',49);
INSERT INTO manager (manager_id,manager_firstname,manager_lastname,login_id) VALUES (9,'Xenos','Cote',15);
INSERT INTO manager (manager_id,manager_firstname,manager_lastname,login_id) VALUES (10,'Upton','Frazier',42);
INSERT INTO manager (manager_id,manager_firstname,manager_lastname,login_id) VALUES (11,'Karleigh','Donovan',19);
INSERT INTO manager (manager_id,manager_firstname,manager_lastname,login_id) VALUES (12,'Simon','Terrell',31);
INSERT INTO manager (manager_id,manager_firstname,manager_lastname,login_id) VALUES (13,'Shellie','Kennedy',14);
INSERT INTO manager (manager_id,manager_firstname,manager_lastname,login_id) VALUES (14,'Ivory','Gutierrez',35);
INSERT INTO manager (manager_id,manager_firstname,manager_lastname,login_id) VALUES (15,'Solomon','Mclaughlin',24);
INSERT INTO manager (manager_id,manager_firstname,manager_lastname,login_id) VALUES (16,'Signe','Green',16);
INSERT INTO manager (manager_id,manager_firstname,manager_lastname,login_id) VALUES (17,'Len','Chen',49);
INSERT INTO manager (manager_id,manager_firstname,manager_lastname,login_id) VALUES (18,'Medge','Berry',8);
INSERT INTO manager (manager_id,manager_firstname,manager_lastname,login_id) VALUES (19,'Chanda','Albert',37);
INSERT INTO manager (manager_id,manager_firstname,manager_lastname,login_id) VALUES (20,'Tarik','Stout',7);
INSERT INTO manager (manager_id,manager_firstname,manager_lastname,login_id) VALUES (21,'Amos','Horne',38);
INSERT INTO manager (manager_id,manager_firstname,manager_lastname,login_id) VALUES (22,'Arthur','Richardson',19);
INSERT INTO manager (manager_id,manager_firstname,manager_lastname,login_id) VALUES (23,'Briar','Brady',49);
INSERT INTO manager (manager_id,manager_firstname,manager_lastname,login_id) VALUES (24,'Jillian','Buckley',23);
INSERT INTO manager (manager_id,manager_firstname,manager_lastname,login_id) VALUES (25,'Kiona','Mosley',37);
INSERT INTO manager (manager_id,manager_firstname,manager_lastname,login_id) VALUES (26,'Barclay','Black',10);
INSERT INTO manager (manager_id,manager_firstname,manager_lastname,login_id) VALUES (27,'Alana','Francis',10);
INSERT INTO manager (manager_id,manager_firstname,manager_lastname,login_id) VALUES (28,'Dawn','Clark',39);
INSERT INTO manager (manager_id,manager_firstname,manager_lastname,login_id) VALUES (29,'Nash','Hardin',47);
INSERT INTO manager (manager_id,manager_firstname,manager_lastname,login_id) VALUES (30,'Macaulay','Campos',37);
INSERT INTO manager (manager_id,manager_firstname,manager_lastname,login_id) VALUES (31,'Julian','Farmer',13);
INSERT INTO manager (manager_id,manager_firstname,manager_lastname,login_id) VALUES (32,'Colleen','Mcdaniel',32);
INSERT INTO manager (manager_id,manager_firstname,manager_lastname,login_id) VALUES (33,'Martina','Ball',24);
INSERT INTO manager (manager_id,manager_firstname,manager_lastname,login_id) VALUES (34,'Vera','Tillman',23);
INSERT INTO manager (manager_id,manager_firstname,manager_lastname,login_id) VALUES (35,'Castor','Stuart',10);
INSERT INTO manager (manager_id,manager_firstname,manager_lastname,login_id) VALUES (36,'Kamal','Mcgee',32);
INSERT INTO manager (manager_id,manager_firstname,manager_lastname,login_id) VALUES (37,'Barclay','Goodwin',15);
INSERT INTO manager (manager_id,manager_firstname,manager_lastname,login_id) VALUES (38,'Daryl','Gonzales',27);
INSERT INTO manager (manager_id,manager_firstname,manager_lastname,login_id) VALUES (39,'Buckminster','Forbes',19);
INSERT INTO manager (manager_id,manager_firstname,manager_lastname,login_id) VALUES (40,'Mikayla','Holmes',7);
INSERT INTO manager (manager_id,manager_firstname,manager_lastname,login_id) VALUES (41,'Myra','Conner',31);
INSERT INTO manager (manager_id,manager_firstname,manager_lastname,login_id) VALUES (42,'Gabriel','Gates',41);
INSERT INTO manager (manager_id,manager_firstname,manager_lastname,login_id) VALUES (43,'Tyrone','Cleveland',24);
INSERT INTO manager (manager_id,manager_firstname,manager_lastname,login_id) VALUES (44,'Zelda','Richard',2);
INSERT INTO manager (manager_id,manager_firstname,manager_lastname,login_id) VALUES (45,'Clarke','Wood',10);
INSERT INTO manager (manager_id,manager_firstname,manager_lastname,login_id) VALUES (46,'Adria','Porter',27);
INSERT INTO manager (manager_id,manager_firstname,manager_lastname,login_id) VALUES (47,'Patience','Richard',40);
INSERT INTO manager (manager_id,manager_firstname,manager_lastname,login_id) VALUES (48,'Karina','Burton',18);
INSERT INTO manager (manager_id,manager_firstname,manager_lastname,login_id) VALUES (49,'Ray','Johnson',11);
INSERT INTO manager (manager_id,manager_firstname,manager_lastname,login_id) VALUES (50,'Vielka','Morrow',24);
/*Populate contractor*/
INSERT INTO contractor (contractor_id,contractor_firstname,contractor_lastname,login_id,manager_id) VALUES (1,'Hasad','Hewitt',4,20);
INSERT INTO contractor (contractor_id,contractor_firstname,contractor_lastname,login_id,manager_id) VALUES (2,'Alice','Key',15,31);
INSERT INTO contractor (contractor_id,contractor_firstname,contractor_lastname,login_id,manager_id) VALUES (3,'Flavia','Terry',2,34);
INSERT INTO contractor (contractor_id,contractor_firstname,contractor_lastname,login_id,manager_id) VALUES (4,'Katell','Good',39,39);
INSERT INTO contractor (contractor_id,contractor_firstname,contractor_lastname,login_id,manager_id) VALUES (5,'Castor','Savage',1,13);
INSERT INTO contractor (contractor_id,contractor_firstname,contractor_lastname,login_id,manager_id) VALUES (6,'Florence','Garcia',12,2);
INSERT INTO contractor (contractor_id,contractor_firstname,contractor_lastname,login_id,manager_id) VALUES (7,'Nerea','Clayton',6,48);
INSERT INTO contractor (contractor_id,contractor_firstname,contractor_lastname,login_id,manager_id) VALUES (8,'Jamal','Santiago',32,13);
INSERT INTO contractor (contractor_id,contractor_firstname,contractor_lastname,login_id,manager_id) VALUES (9,'Melanie','Knight',24,12);
INSERT INTO contractor (contractor_id,contractor_firstname,contractor_lastname,login_id,manager_id) VALUES (10,'Shaeleigh','Burks',25,30);
INSERT INTO contractor (contractor_id,contractor_firstname,contractor_lastname,login_id,manager_id) VALUES (11,'Acton','Fitzgerald',27,25);
INSERT INTO contractor (contractor_id,contractor_firstname,contractor_lastname,login_id,manager_id) VALUES (12,'Alan','Mooney',21,29);
INSERT INTO contractor (contractor_id,contractor_firstname,contractor_lastname,login_id,manager_id) VALUES (13,'Caesar','Payne',29,2);
INSERT INTO contractor (contractor_id,contractor_firstname,contractor_lastname,login_id,manager_id) VALUES (14,'Graiden','Keller',6,2);
INSERT INTO contractor (contractor_id,contractor_firstname,contractor_lastname,login_id,manager_id) VALUES (15,'Lacey','Contreras',44,31);
INSERT INTO contractor (contractor_id,contractor_firstname,contractor_lastname,login_id,manager_id) VALUES (16,'Keiko','Bolton',29,41);
INSERT INTO contractor (contractor_id,contractor_firstname,contractor_lastname,login_id,manager_id) VALUES (17,'Savannah','Compton',32,26);
INSERT INTO contractor (contractor_id,contractor_firstname,contractor_lastname,login_id,manager_id) VALUES (18,'Arden','Riggs',42,40);
INSERT INTO contractor (contractor_id,contractor_firstname,contractor_lastname,login_id,manager_id) VALUES (19,'Joseph','Whitney',36,6);
INSERT INTO contractor (contractor_id,contractor_firstname,contractor_lastname,login_id,manager_id) VALUES (20,'Lysandra','Booth',7,19);
INSERT INTO contractor (contractor_id,contractor_firstname,contractor_lastname,login_id,manager_id) VALUES (21,'Zelenia','Livingston',11,40);
INSERT INTO contractor (contractor_id,contractor_firstname,contractor_lastname,login_id,manager_id) VALUES (22,'Colton','Olsen',14,31);
INSERT INTO contractor (contractor_id,contractor_firstname,contractor_lastname,login_id,manager_id) VALUES (23,'Oprah','Hickman',15,20);
INSERT INTO contractor (contractor_id,contractor_firstname,contractor_lastname,login_id,manager_id) VALUES (24,'Illana','Grimes',23,17);
INSERT INTO contractor (contractor_id,contractor_firstname,contractor_lastname,login_id,manager_id) VALUES (25,'Solomon','Berry',27,50);
INSERT INTO contractor (contractor_id,contractor_firstname,contractor_lastname,login_id,manager_id) VALUES (26,'Stuart','Perez',12,35);
INSERT INTO contractor (contractor_id,contractor_firstname,contractor_lastname,login_id,manager_id) VALUES (27,'Yoshio','Dejesus',4,30);
INSERT INTO contractor (contractor_id,contractor_firstname,contractor_lastname,login_id,manager_id) VALUES (28,'Virginia','Rasmussen',49,6);
INSERT INTO contractor (contractor_id,contractor_firstname,contractor_lastname,login_id,manager_id) VALUES (29,'Taylor','Perkins',19,30);
INSERT INTO contractor (contractor_id,contractor_firstname,contractor_lastname,login_id,manager_id) VALUES (30,'Wynne','Mack',46,34);
INSERT INTO contractor (contractor_id,contractor_firstname,contractor_lastname,login_id,manager_id) VALUES (31,'Amanda','Lindsey',20,36);
INSERT INTO contractor (contractor_id,contractor_firstname,contractor_lastname,login_id,manager_id) VALUES (32,'Kiona','Benson',38,11);
INSERT INTO contractor (contractor_id,contractor_firstname,contractor_lastname,login_id,manager_id) VALUES (33,'Nadine','Padilla',40,39);
INSERT INTO contractor (contractor_id,contractor_firstname,contractor_lastname,login_id,manager_id) VALUES (34,'Adam','Nash',29,49);
INSERT INTO contractor (contractor_id,contractor_firstname,contractor_lastname,login_id,manager_id) VALUES (35,'Kelly','Bradshaw',49,25);
INSERT INTO contractor (contractor_id,contractor_firstname,contractor_lastname,login_id,manager_id) VALUES (36,'Herrod','Griffith',7,47);
INSERT INTO contractor (contractor_id,contractor_firstname,contractor_lastname,login_id,manager_id) VALUES (37,'Willow','Pope',24,25);
INSERT INTO contractor (contractor_id,contractor_firstname,contractor_lastname,login_id,manager_id) VALUES (38,'Lara','Horn',17,25);
INSERT INTO contractor (contractor_id,contractor_firstname,contractor_lastname,login_id,manager_id) VALUES (39,'Arsenio','Sampson',33,49);
INSERT INTO contractor (contractor_id,contractor_firstname,contractor_lastname,login_id,manager_id) VALUES (40,'Ila','Sharp',6,1);
INSERT INTO contractor (contractor_id,contractor_firstname,contractor_lastname,login_id,manager_id) VALUES (41,'Griffith','Cruz',32,33);
INSERT INTO contractor (contractor_id,contractor_firstname,contractor_lastname,login_id,manager_id) VALUES (42,'Preston','Casey',2,17);
INSERT INTO contractor (contractor_id,contractor_firstname,contractor_lastname,login_id,manager_id) VALUES (43,'Lana','Reese',10,32);
INSERT INTO contractor (contractor_id,contractor_firstname,contractor_lastname,login_id,manager_id) VALUES (44,'Ursa','Rowland',49,10);
INSERT INTO contractor (contractor_id,contractor_firstname,contractor_lastname,login_id,manager_id) VALUES (45,'Demetrius','Gaines',17,14);
INSERT INTO contractor (contractor_id,contractor_firstname,contractor_lastname,login_id,manager_id) VALUES (46,'Hayden','Mcclain',15,32);
INSERT INTO contractor (contractor_id,contractor_firstname,contractor_lastname,login_id,manager_id) VALUES (47,'Tatum','Hunter',18,42);
INSERT INTO contractor (contractor_id,contractor_firstname,contractor_lastname,login_id,manager_id) VALUES (48,'Quentin','Kemp',2,46);
INSERT INTO contractor (contractor_id,contractor_firstname,contractor_lastname,login_id,manager_id) VALUES (49,'Nita','Black',15,12);
INSERT INTO contractor (contractor_id,contractor_firstname,contractor_lastname,login_id,manager_id) VALUES (50,'Fulton','Green',31,38);

/*Populate time sheet*/
INSERT INTO timesheet (timesheet_id,days_worked,overtime,start_date,status) VALUES (1,'13',4,'2019/11/18','primis');
INSERT INTO timesheet (timesheet_id,days_worked,overtime,start_date,status) VALUES (2,'05',3,'2019/11/15','dolor.');
INSERT INTO timesheet (timesheet_id,days_worked,overtime,start_date,status) VALUES (3,'21',6,'2019/11/14','vitae,');
INSERT INTO timesheet (timesheet_id,days_worked,overtime,start_date,status) VALUES (4,'22',8,'2019/11/16','est');
INSERT INTO timesheet (timesheet_id,days_worked,overtime,start_date,status) VALUES (5,'07',5,'2019/11/17','lacus');
INSERT INTO timesheet (timesheet_id,days_worked,overtime,start_date,status) VALUES (6,'13',1,'2019/11/18','Donec');
INSERT INTO timesheet (timesheet_id,days_worked,overtime,start_date,status) VALUES (7,'23',9,'2019/11/21','id,');
INSERT INTO timesheet (timesheet_id,days_worked,overtime,start_date,status) VALUES (8,'03',6,'2019/11/20','a');
INSERT INTO timesheet (timesheet_id,days_worked,overtime,start_date,status) VALUES (9,'22',5,'2019/11/14','consecte');
INSERT INTO timesheet (timesheet_id,days_worked,overtime,start_date,status) VALUES (10,'15',9,'2019/11/17','euismod');
INSERT INTO timesheet (timesheet_id,days_worked,overtime,start_date,status) VALUES (11,'29',2,'2019/11/15','a,');
INSERT INTO timesheet (timesheet_id,days_worked,overtime,start_date,status) VALUES (12,'04',7,'2019/11/17','arcu.');
INSERT INTO timesheet (timesheet_id,days_worked,overtime,start_date,status) VALUES (13,'21',9,'2019/11/16','enim');
INSERT INTO timesheet (timesheet_id,days_worked,overtime,start_date,status) VALUES (14,'05',6,'2019/11/18','Integer');
INSERT INTO timesheet (timesheet_id,days_worked,overtime,start_date,status) VALUES (15,'13',6,'2019/11/14','feugiat');
INSERT INTO timesheet (timesheet_id,days_worked,overtime,start_date,status) VALUES (16,'24',2,'2019/11/17','amet');
INSERT INTO timesheet (timesheet_id,days_worked,overtime,start_date,status) VALUES (17,'07',7,'2019/11/20','viverra.');
INSERT INTO timesheet (timesheet_id,days_worked,overtime,start_date,status) VALUES (18,'02',2,'2019/11/19','Nam');
INSERT INTO timesheet (timesheet_id,days_worked,overtime,start_date,status) VALUES (19,'12',5,'2019/11/18','sed');
INSERT INTO timesheet (timesheet_id,days_worked,overtime,start_date,status) VALUES (20,'06',6,'2019/11/18','ipsum');
INSERT INTO timesheet (timesheet_id,days_worked,overtime,start_date,status) VALUES (21,'01',0,'2019/11/18','gravida');
INSERT INTO timesheet (timesheet_id,days_worked,overtime,start_date,status) VALUES (22,'31',8,'2019/11/21','neque.');
INSERT INTO timesheet (timesheet_id,days_worked,overtime,start_date,status) VALUES (23,'26',5,'2019/11/21','elementum,');
INSERT INTO timesheet (timesheet_id,days_worked,overtime,start_date,status) VALUES (24,'06',8,'2019/11/18','est.');
INSERT INTO timesheet (timesheet_id,days_worked,overtime,start_date,status) VALUES (25,'15',2,'2019/11/20','ipsum');
INSERT INTO timesheet (timesheet_id,days_worked,overtime,start_date,status) VALUES (26,'05',6,'2019/11/16','leo');
INSERT INTO timesheet (timesheet_id,days_worked,overtime,start_date,status) VALUES (27,'10',8,'2019/11/20','orci');
INSERT INTO timesheet (timesheet_id,days_worked,overtime,start_date,status) VALUES (28,'22',1,'2019/11/21','velit.');
INSERT INTO timesheet (timesheet_id,days_worked,overtime,start_date,status) VALUES (29,'14',6,'2019/11/19','facilisi.');
INSERT INTO timesheet (timesheet_id,days_worked,overtime,start_date,status) VALUES (30,'21',3,'2019/11/15','Duis');
INSERT INTO timesheet (timesheet_id,days_worked,overtime,start_date,status) VALUES (31,'11',6,'2019/11/15','et');
INSERT INTO timesheet (timesheet_id,days_worked,overtime,start_date,status) VALUES (32,'27',5,'2019/11/19','quis');
INSERT INTO timesheet (timesheet_id,days_worked,overtime,start_date,status) VALUES (33,'29',2,'2019/11/15','Sed');
INSERT INTO timesheet (timesheet_id,days_worked,overtime,start_date,status) VALUES (34,'15',1,'2019/11/21','mauris');
INSERT INTO timesheet (timesheet_id,days_worked,overtime,start_date,status) VALUES (35,'27',0,'2019/11/20','amet,');
INSERT INTO timesheet (timesheet_id,days_worked,overtime,start_date,status) VALUES (36,'26',3,'2019/11/14','Aenean');
INSERT INTO timesheet (timesheet_id,days_worked,overtime,start_date,status) VALUES (37,'04',7,'2019/11/20','Sed');
INSERT INTO timesheet (timesheet_id,days_worked,overtime,start_date,status) VALUES (38,'28',8,'2019/11/21','vitae');
INSERT INTO timesheet (timesheet_id,days_worked,overtime,start_date,status) VALUES (39,'27',9,'2019/11/19','gravida');
INSERT INTO timesheet (timesheet_id,days_worked,overtime,start_date,status) VALUES (40,'16',10,'2019/11/18','eleifend');
INSERT INTO timesheet (timesheet_id,days_worked,overtime,start_date,status) VALUES (41,'06',1,'2019/11/16','sollicit');
INSERT INTO timesheet (timesheet_id,days_worked,overtime,start_date,status) VALUES (42,'19',1,'2019/11/17','auctor,');
INSERT INTO timesheet (timesheet_id,days_worked,overtime,start_date,status) VALUES (43,'21',6,'2019/11/15','lobortis');
INSERT INTO timesheet (timesheet_id,days_worked,overtime,start_date,status) VALUES (44,'08',3,'2019/11/17','nec,');
INSERT INTO timesheet (timesheet_id,days_worked,overtime,start_date,status) VALUES (45,'06',3,'2019/11/16','feugiat.');
INSERT INTO timesheet (timesheet_id,days_worked,overtime,start_date,status) VALUES (46,'02',9,'2019/11/19','ipsum');
INSERT INTO timesheet (timesheet_id,days_worked,overtime,start_date,status) VALUES (47,'05',10,'2019/11/14','amet');
INSERT INTO timesheet (timesheet_id,days_worked,overtime,start_date,status) VALUES (48,'01',8,'2019/11/18','porttitor');
INSERT INTO timesheet (timesheet_id,days_worked,overtime,start_date,status) VALUES (49,'18',1,'2019/11/15','Nulla');
INSERT INTO timesheet (timesheet_id,days_worked,overtime,start_date,status) VALUES (50,'21',9,'2019/11/15','magna.');
/*Populate agency contractor*/
INSERT INTO agency_contractor (agency_contractor_id,agency_id,contractor_id,timesheet_id) VALUES (1,1,46,25);
INSERT INTO agency_contractor (agency_contractor_id,agency_id,contractor_id,timesheet_id) VALUES (2,35,49,48);
INSERT INTO agency_contractor (agency_contractor_id,agency_id,contractor_id,timesheet_id) VALUES (3,20,14,7);
INSERT INTO agency_contractor (agency_contractor_id,agency_id,contractor_id,timesheet_id) VALUES (4,19,47,15);
INSERT INTO agency_contractor (agency_contractor_id,agency_id,contractor_id,timesheet_id) VALUES (5,20,48,19);
INSERT INTO agency_contractor (agency_contractor_id,agency_id,contractor_id,timesheet_id) VALUES (6,44,42,23);
INSERT INTO agency_contractor (agency_contractor_id,agency_id,contractor_id,timesheet_id) VALUES (7,10,31,33);
INSERT INTO agency_contractor (agency_contractor_id,agency_id,contractor_id,timesheet_id) VALUES (8,18,26,9);
INSERT INTO agency_contractor (agency_contractor_id,agency_id,contractor_id,timesheet_id) VALUES (9,45,20,12);
INSERT INTO agency_contractor (agency_contractor_id,agency_id,contractor_id,timesheet_id) VALUES (10,38,28,1);
INSERT INTO agency_contractor (agency_contractor_id,agency_id,contractor_id,timesheet_id) VALUES (11,2,49,16);
INSERT INTO agency_contractor (agency_contractor_id,agency_id,contractor_id,timesheet_id) VALUES (12,8,11,41);
INSERT INTO agency_contractor (agency_contractor_id,agency_id,contractor_id,timesheet_id) VALUES (13,11,4,35);
INSERT INTO agency_contractor (agency_contractor_id,agency_id,contractor_id,timesheet_id) VALUES (14,45,15,7);
INSERT INTO agency_contractor (agency_contractor_id,agency_id,contractor_id,timesheet_id) VALUES (15,12,4,43);
INSERT INTO agency_contractor (agency_contractor_id,agency_id,contractor_id,timesheet_id) VALUES (16,45,15,48);
INSERT INTO agency_contractor (agency_contractor_id,agency_id,contractor_id,timesheet_id) VALUES (17,49,34,17);
INSERT INTO agency_contractor (agency_contractor_id,agency_id,contractor_id,timesheet_id) VALUES (18,24,31,14);
INSERT INTO agency_contractor (agency_contractor_id,agency_id,contractor_id,timesheet_id) VALUES (19,19,6,22);
INSERT INTO agency_contractor (agency_contractor_id,agency_id,contractor_id,timesheet_id) VALUES (20,40,25,25);
INSERT INTO agency_contractor (agency_contractor_id,agency_id,contractor_id,timesheet_id) VALUES (21,21,26,14);
INSERT INTO agency_contractor (agency_contractor_id,agency_id,contractor_id,timesheet_id) VALUES (22,37,31,28);
INSERT INTO agency_contractor (agency_contractor_id,agency_id,contractor_id,timesheet_id) VALUES (23,27,26,18);
INSERT INTO agency_contractor (agency_contractor_id,agency_id,contractor_id,timesheet_id) VALUES (24,30,49,13);
INSERT INTO agency_contractor (agency_contractor_id,agency_id,contractor_id,timesheet_id) VALUES (25,27,7,32);
INSERT INTO agency_contractor (agency_contractor_id,agency_id,contractor_id,timesheet_id) VALUES (26,34,23,14);
INSERT INTO agency_contractor (agency_contractor_id,agency_id,contractor_id,timesheet_id) VALUES (27,33,12,44);
INSERT INTO agency_contractor (agency_contractor_id,agency_id,contractor_id,timesheet_id) VALUES (28,31,10,13);
INSERT INTO agency_contractor (agency_contractor_id,agency_id,contractor_id,timesheet_id) VALUES (29,23,37,16);
INSERT INTO agency_contractor (agency_contractor_id,agency_id,contractor_id,timesheet_id) VALUES (30,39,10,14);
INSERT INTO agency_contractor (agency_contractor_id,agency_id,contractor_id,timesheet_id) VALUES (31,1,8,46);
INSERT INTO agency_contractor (agency_contractor_id,agency_id,contractor_id,timesheet_id) VALUES (32,49,11,50);
INSERT INTO agency_contractor (agency_contractor_id,agency_id,contractor_id,timesheet_id) VALUES (33,3,43,16);
INSERT INTO agency_contractor (agency_contractor_id,agency_id,contractor_id,timesheet_id) VALUES (34,25,22,35);
INSERT INTO agency_contractor (agency_contractor_id,agency_id,contractor_id,timesheet_id) VALUES (35,4,46,34);
INSERT INTO agency_contractor (agency_contractor_id,agency_id,contractor_id,timesheet_id) VALUES (36,42,8,20);
INSERT INTO agency_contractor (agency_contractor_id,agency_id,contractor_id,timesheet_id) VALUES (37,36,5,15);
INSERT INTO agency_contractor (agency_contractor_id,agency_id,contractor_id,timesheet_id) VALUES (38,19,25,19);
INSERT INTO agency_contractor (agency_contractor_id,agency_id,contractor_id,timesheet_id) VALUES (39,33,42,37);
INSERT INTO agency_contractor (agency_contractor_id,agency_id,contractor_id,timesheet_id) VALUES (40,22,16,6);
INSERT INTO agency_contractor (agency_contractor_id,agency_id,contractor_id,timesheet_id) VALUES (41,3,46,31);
INSERT INTO agency_contractor (agency_contractor_id,agency_id,contractor_id,timesheet_id) VALUES (42,28,50,27);
INSERT INTO agency_contractor (agency_contractor_id,agency_id,contractor_id,timesheet_id) VALUES (43,16,48,46);
INSERT INTO agency_contractor (agency_contractor_id,agency_id,contractor_id,timesheet_id) VALUES (44,44,47,32);
INSERT INTO agency_contractor (agency_contractor_id,agency_id,contractor_id,timesheet_id) VALUES (45,3,37,30);
INSERT INTO agency_contractor (agency_contractor_id,agency_id,contractor_id,timesheet_id) VALUES (46,26,10,5);
INSERT INTO agency_contractor (agency_contractor_id,agency_id,contractor_id,timesheet_id) VALUES (47,25,35,47);
INSERT INTO agency_contractor (agency_contractor_id,agency_id,contractor_id,timesheet_id) VALUES (48,14,26,14);
INSERT INTO agency_contractor (agency_contractor_id,agency_id,contractor_id,timesheet_id) VALUES (49,29,38,9);
INSERT INTO agency_contractor (agency_contractor_id,agency_id,contractor_id,timesheet_id) VALUES (50,31,48,39);
