SHOW DATABASES;

USE managingtimesheet;

SHOW TABLES;
/*populate login*/
INSERT INTO login (login_id,email,password,access_level) VALUES (1,'lobortis@felispurusac.edu','enim, condimentum eget,',2);
INSERT INTO login (login_id,email,password,access_level) VALUES (2,'quis.arcu.vel@augueporttitor.org','Quisque porttitor eros',1);
INSERT INTO login (login_id,email,password,access_level) VALUES (3,'Phasellus@quamelementumat.ca','tortor at risus.',1);
INSERT INTO login (login_id,email,password,access_level) VALUES (4,'eu@Sed.net','neque sed sem',0);
INSERT INTO login (login_id,email,password,access_level) VALUES (5,'Duis.mi@ipsum.com','cursus, diam at',2);
INSERT INTO login (login_id,email,password,access_level) VALUES (6,'ultrices.posuere@eutelluseu.ca','sodales elit erat',2);
INSERT INTO login (login_id,email,password,access_level) VALUES (7,'Suspendisse.tristique@ut.edu','nibh. Phasellus nulla.',0);
INSERT INTO login (login_id,email,password,access_level) VALUES (8,'Praesent.luctus@iaculisaliquet.ca','nunc, ullamcorper eu,',0);
INSERT INTO login (login_id,email,password,access_level) VALUES (9,'Nullam@euismodestarcu.net','facilisis vitae, orci.',0);
INSERT INTO login (login_id,email,password,access_level) VALUES (10,'quis.diam.Pellentesque@euismod.ca','lectus pede, ultrices',1);
INSERT INTO login (login_id,email,password,access_level) VALUES (11,'sollicitudin.commodo@tempor.co.uk','Ut tincidunt orci',0);
INSERT INTO login (login_id,email,password,access_level) VALUES (12,'velit.in@sapienCras.com','elementum, dui quis',2);
INSERT INTO login (login_id,email,password,access_level) VALUES (13,'Curabitur.dictum@ullamcorpereueuismod.net','leo, in lobortis',2);
INSERT INTO login (login_id,email,password,access_level) VALUES (14,'ac.risus.Morbi@seddictumeleifend.edu','magna a neque.',0);
INSERT INTO login (login_id,email,password,access_level) VALUES (15,'lacus@tristique.edu','cursus a, enim.',2);
INSERT INTO login (login_id,email,password,access_level) VALUES (16,'quam.Pellentesque@Pellentesquetincidunttempus.com','tellus sem mollis',1);
INSERT INTO login (login_id,email,password,access_level) VALUES (17,'ac.orci@bibendumullamcorperDuis.org','nec quam. Curabitur',2);
INSERT INTO login (login_id,email,password,access_level) VALUES (18,'mus.Proin.vel@feugiatLoremipsum.com','enim commodo hendrerit.',0);
INSERT INTO login (login_id,email,password,access_level) VALUES (19,'est@a.co.uk','vehicula aliquet libero.',2);
INSERT INTO login (login_id,email,password,access_level) VALUES (20,'id.magna.et@rutrum.net','Sed id risus',1);
INSERT INTO login (login_id,email,password,access_level) VALUES (21,'semper.tellus@dui.co.uk','dolor dapibus gravida.',0);
INSERT INTO login (login_id,email,password,access_level) VALUES (22,'cursus.a@fringillapurus.org','at auctor ullamcorper,',1);
INSERT INTO login (login_id,email,password,access_level) VALUES (23,'sit.amet@penatibusetmagnis.co.uk','at risus. Nunc',2);
INSERT INTO login (login_id,email,password,access_level) VALUES (24,'sodales.elit@Nuncsedorci.org','Nunc ac sem',0);
INSERT INTO login (login_id,email,password,access_level) VALUES (25,'nulla.Donec@Suspendissealiquetmolestie.edu','eu sem. Pellentesque',1);
INSERT INTO login (login_id,email,password,access_level) VALUES (26,'felis.Nulla.tempor@adipiscing.co.uk','ipsum non arcu.',1);
INSERT INTO login (login_id,email,password,access_level) VALUES (27,'mollis.Duis.sit@netusetmalesuada.net','consectetuer mauris id',0);
INSERT INTO login (login_id,email,password,access_level) VALUES (28,'risus@tincidunt.net','at auctor ullamcorper,',2);
INSERT INTO login (login_id,email,password,access_level) VALUES (29,'amet.diam@pede.edu','interdum. Curabitur dictum.',2);
INSERT INTO login (login_id,email,password,access_level) VALUES (30,'Ut@ametconsectetueradipiscing.ca','ligula tortor, dictum',1);
INSERT INTO login (login_id,email,password,access_level) VALUES (31,'malesuada@fringilla.co.uk','pellentesque, tellus sem',2);
INSERT INTO login (login_id,email,password,access_level) VALUES (32,'accumsan.neque@In.co.uk','nibh. Quisque nonummy',1);
INSERT INTO login (login_id,email,password,access_level) VALUES (33,'litora.torquent@Aeneangravida.org','ridiculus mus. Proin',2);
INSERT INTO login (login_id,email,password,access_level) VALUES (34,'et@nisiMaurisnulla.com','Aenean eget magna.',2);
INSERT INTO login (login_id,email,password,access_level) VALUES (35,'erat@venenatisamagna.ca','imperdiet nec, leo.',2);
INSERT INTO login (login_id,email,password,access_level) VALUES (36,'gravida@Proinsed.com','Integer aliquam adipiscing',1);
INSERT INTO login (login_id,email,password,access_level) VALUES (37,'amet.luctus.vulputate@Sedid.org','in magna. Phasellus',0);
INSERT INTO login (login_id,email,password,access_level) VALUES (38,'in.consequat.enim@adui.edu','sed dictum eleifend,',0);
INSERT INTO login (login_id,email,password,access_level) VALUES (39,'quis@PraesentluctusCurabitur.com','elit, a feugiat',1);
INSERT INTO login (login_id,email,password,access_level) VALUES (40,'orci.Phasellus@Donecsollicitudin.edu','vel arcu eu',1);
INSERT INTO login (login_id,email,password,access_level) VALUES (41,'dolor.nonummy.ac@luctuset.com','quis, pede. Praesent',0);
INSERT INTO login (login_id,email,password,access_level) VALUES (42,'molestie.arcu@sedliberoProin.co.uk','venenatis a, magna.',1);
INSERT INTO login (login_id,email,password,access_level) VALUES (43,'neque@miacmattis.edu','luctus et ultrices',1);
INSERT INTO login (login_id,email,password,access_level) VALUES (44,'morbi.tristique@ornarefacilisiseget.org','sit amet, consectetuer',1);
INSERT INTO login (login_id,email,password,access_level) VALUES (45,'Cras@adipiscingnonluctus.org','nunc sit amet',1);
INSERT INTO login (login_id,email,password,access_level) VALUES (46,'parturient.montes.nascetur@Quisque.co.uk','amet, faucibus ut,',1);
INSERT INTO login (login_id,email,password,access_level) VALUES (47,'urna@pedeultrices.co.uk','augue eu tellus.',2);
INSERT INTO login (login_id,email,password,access_level) VALUES (48,'ac.libero@Nuncullamcorper.com','risus odio, auctor',2);
INSERT INTO login (login_id,email,password,access_level) VALUES (49,'gravida.mauris.ut@vitae.org','sodales nisi magna',0);
INSERT INTO login (login_id,email,password,access_level) VALUES (50,'vel.lectus@ligulaDonec.ca','Vestibulum ut eros',2);


/*populate admin*/
INSERT INTO admin (admin_firstName, admin_lastName) VALUES ('Dan', 'Davies');
INSERT INTO admin (admin_firstName, admin_lastName) VALUES ('Ben', 'Jones');

/*Populate agency*/
INSERT INTO agency (agency_id,agency_name) VALUES (1,'Tempor Diam Dictum Consulting');
INSERT INTO agency (agency_id,agency_name) VALUES (2,'Nascetur Limited');
INSERT INTO agency (agency_id,agency_name) VALUES (3,'Feugiat Placerat Velit Ltd');
INSERT INTO agency (agency_id,agency_name) VALUES (4,'Eu Consulting');
INSERT INTO agency (agency_id,agency_name) VALUES (5,'Congue Turpis In Limited');
INSERT INTO agency (agency_id,agency_name) VALUES (6,'Lobortis Class Aptent Ltd');
INSERT INTO agency (agency_id,agency_name) VALUES (7,'Nunc Ltd');
INSERT INTO agency (agency_id,agency_name) VALUES (8,'Commodo PC');
INSERT INTO agency (agency_id,agency_name) VALUES (9,'Netus Et Malesuada Ltd');
INSERT INTO agency (agency_id,agency_name) VALUES (10,'Aliquam LLC');
INSERT INTO agency (agency_id,agency_name) VALUES (11,'Purus Maecenas Libero Institute');
INSERT INTO agency (agency_id,agency_name) VALUES (12,'Nibh Quisque PC');
INSERT INTO agency (agency_id,agency_name) VALUES (13,'Rutrum Eu Ultrices Associates');
INSERT INTO agency (agency_id,agency_name) VALUES (14,'Sed Auctor Company');
INSERT INTO agency (agency_id,agency_name) VALUES (15,'Massa Rutrum Limited');
INSERT INTO agency (agency_id,agency_name) VALUES (16,'Porttitor Interdum Sed LLP');
INSERT INTO agency (agency_id,agency_name) VALUES (17,'Elit Aliquam Auctor LLC');
INSERT INTO agency (agency_id,agency_name) VALUES (18,'Justo Proin Non LLP');
INSERT INTO agency (agency_id,agency_name) VALUES (19,'Congue A Aliquet PC');
INSERT INTO agency (agency_id,agency_name) VALUES (20,'Nulla Tincidunt Ltd');
INSERT INTO agency (agency_id,agency_name) VALUES (21,'Velit Dui Corp.');
INSERT INTO agency (agency_id,agency_name) VALUES (22,'Maecenas Corp.');
INSERT INTO agency (agency_id,agency_name) VALUES (23,'Auctor Velit Eget PC');
INSERT INTO agency (agency_id,agency_name) VALUES (24,'Non Nisi Aenean LLC');
INSERT INTO agency (agency_id,agency_name) VALUES (25,'Et Rutrum PC');
INSERT INTO agency (agency_id,agency_name) VALUES (26,'Ac Facilisis Facilisis Institute');
INSERT INTO agency (agency_id,agency_name) VALUES (27,'Arcu LLP');
INSERT INTO agency (agency_id,agency_name) VALUES (28,'Quam Quis Diam LLC');
INSERT INTO agency (agency_id,agency_name) VALUES (29,'Id Inc.');
INSERT INTO agency (agency_id,agency_name) VALUES (30,'Quis Diam Limited');
INSERT INTO agency (agency_id,agency_name) VALUES (31,'Nulla Cras Incorporated');
INSERT INTO agency (agency_id,agency_name) VALUES (32,'Sem Egestas Blandit Associates');
INSERT INTO agency (agency_id,agency_name) VALUES (33,'Fringilla Est LLP');
INSERT INTO agency (agency_id,agency_name) VALUES (34,'Vulputate Corp.');
INSERT INTO agency (agency_id,agency_name) VALUES (35,'Tellus Sem Mollis LLP');
INSERT INTO agency (agency_id,agency_name) VALUES (36,'Tincidunt Congue Turpis Ltd');
INSERT INTO agency (agency_id,agency_name) VALUES (37,'Euismod Ac Consulting');
INSERT INTO agency (agency_id,agency_name) VALUES (38,'Cras Dictum Foundation');
INSERT INTO agency (agency_id,agency_name) VALUES (39,'Suspendisse Inc.');
INSERT INTO agency (agency_id,agency_name) VALUES (40,'Augue Ac Institute');
INSERT INTO agency (agency_id,agency_name) VALUES (41,'Non Vestibulum Nec Associates');
INSERT INTO agency (agency_id,agency_name) VALUES (42,'Quis LLP');
INSERT INTO agency (agency_id,agency_name) VALUES (43,'Sapien LLP');
INSERT INTO agency (agency_id,agency_name) VALUES (44,'Faucibus Corporation');
INSERT INTO agency (agency_id,agency_name) VALUES (45,'Fringilla Incorporated');
INSERT INTO agency (agency_id,agency_name) VALUES (46,'Vitae Posuere Corporation');
INSERT INTO agency (agency_id,agency_name) VALUES (47,'Dolor Nonummy Inc.');
INSERT INTO agency (agency_id,agency_name) VALUES (48,'Montes Institute');
INSERT INTO agency (agency_id,agency_name) VALUES (49,'Est Ac Corp.');
INSERT INTO agency (agency_id,agency_name) VALUES (50,'Velit Inc.');

/*Populate manager*/
INSERT INTO manager (manager_id,manager_firstname,manager_lastname,login_id) VALUES (1,'Noble','Clayton',13);
INSERT INTO manager (manager_id,manager_firstname,manager_lastname,login_id) VALUES (2,'Carl','Rasmussen',25);
INSERT INTO manager (manager_id,manager_firstname,manager_lastname,login_id) VALUES (3,'Miranda','Bernard',20);
INSERT INTO manager (manager_id,manager_firstname,manager_lastname,login_id) VALUES (4,'Palmer','Houston',7);
INSERT INTO manager (manager_id,manager_firstname,manager_lastname,login_id) VALUES (5,'Abel','Harrington',49);
INSERT INTO manager (manager_id,manager_firstname,manager_lastname,login_id) VALUES (6,'Brenden','Meyer',34);
INSERT INTO manager (manager_id,manager_firstname,manager_lastname,login_id) VALUES (7,'Julian','Padilla',47);
INSERT INTO manager (manager_id,manager_firstname,manager_lastname,login_id) VALUES (8,'Lucian','Mcguire',49);
INSERT INTO manager (manager_id,manager_firstname,manager_lastname,login_id) VALUES (9,'Xenos','Cote',15);
INSERT INTO manager (manager_id,manager_firstname,manager_lastname,login_id) VALUES (10,'Upton','Frazier',42);
INSERT INTO manager (manager_id,manager_firstname,manager_lastname,login_id) VALUES (11,'Karleigh','Donovan',19);
INSERT INTO manager (manager_id,manager_firstname,manager_lastname,login_id) VALUES (12,'Simon','Terrell',31);
INSERT INTO manager (manager_id,manager_firstname,manager_lastname,login_id) VALUES (13,'Shellie','Kennedy',14);
INSERT INTO manager (manager_id,manager_firstname,manager_lastname,login_id) VALUES (14,'Ivory','Gutierrez',35);
INSERT INTO manager (manager_id,manager_firstname,manager_lastname,login_id) VALUES (15,'Solomon','Mclaughlin',24);
INSERT INTO manager (manager_id,manager_firstname,manager_lastname,login_id) VALUES (16,'Signe','Green',16);
INSERT INTO manager (manager_id,manager_firstname,manager_lastname,login_id) VALUES (17,'Len','Chen',49);
INSERT INTO manager (manager_id,manager_firstname,manager_lastname,login_id) VALUES (18,'Medge','Berry',8);
INSERT INTO manager (manager_id,manager_firstname,manager_lastname,login_id) VALUES (19,'Chanda','Albert',37);
INSERT INTO manager (manager_id,manager_firstname,manager_lastname,login_id) VALUES (20,'Tarik','Stout',7);
INSERT INTO manager (manager_id,manager_firstname,manager_lastname,login_id) VALUES (21,'Amos','Horne',38);
INSERT INTO manager (manager_id,manager_firstname,manager_lastname,login_id) VALUES (22,'Arthur','Richardson',19);
INSERT INTO manager (manager_id,manager_firstname,manager_lastname,login_id) VALUES (23,'Briar','Brady',49);
INSERT INTO manager (manager_id,manager_firstname,manager_lastname,login_id) VALUES (24,'Jillian','Buckley',23);
INSERT INTO manager (manager_id,manager_firstname,manager_lastname,login_id) VALUES (25,'Kiona','Mosley',37);
INSERT INTO manager (manager_id,manager_firstname,manager_lastname,login_id) VALUES (26,'Barclay','Black',10);
INSERT INTO manager (manager_id,manager_firstname,manager_lastname,login_id) VALUES (27,'Alana','Francis',10);
INSERT INTO manager (manager_id,manager_firstname,manager_lastname,login_id) VALUES (28,'Dawn','Clark',39);
INSERT INTO manager (manager_id,manager_firstname,manager_lastname,login_id) VALUES (29,'Nash','Hardin',47);
INSERT INTO manager (manager_id,manager_firstname,manager_lastname,login_id) VALUES (30,'Macaulay','Campos',37);
INSERT INTO manager (manager_id,manager_firstname,manager_lastname,login_id) VALUES (31,'Julian','Farmer',13);
INSERT INTO manager (manager_id,manager_firstname,manager_lastname,login_id) VALUES (32,'Colleen','Mcdaniel',32);
INSERT INTO manager (manager_id,manager_firstname,manager_lastname,login_id) VALUES (33,'Martina','Ball',24);
INSERT INTO manager (manager_id,manager_firstname,manager_lastname,login_id) VALUES (34,'Vera','Tillman',23);
INSERT INTO manager (manager_id,manager_firstname,manager_lastname,login_id) VALUES (35,'Castor','Stuart',10);
INSERT INTO manager (manager_id,manager_firstname,manager_lastname,login_id) VALUES (36,'Kamal','Mcgee',32);
INSERT INTO manager (manager_id,manager_firstname,manager_lastname,login_id) VALUES (37,'Barclay','Goodwin',15);
INSERT INTO manager (manager_id,manager_firstname,manager_lastname,login_id) VALUES (38,'Daryl','Gonzales',27);
INSERT INTO manager (manager_id,manager_firstname,manager_lastname,login_id) VALUES (39,'Buckminster','Forbes',19);
INSERT INTO manager (manager_id,manager_firstname,manager_lastname,login_id) VALUES (40,'Mikayla','Holmes',7);
INSERT INTO manager (manager_id,manager_firstname,manager_lastname,login_id) VALUES (41,'Myra','Conner',31);
INSERT INTO manager (manager_id,manager_firstname,manager_lastname,login_id) VALUES (42,'Gabriel','Gates',41);
INSERT INTO manager (manager_id,manager_firstname,manager_lastname,login_id) VALUES (43,'Tyrone','Cleveland',24);
INSERT INTO manager (manager_id,manager_firstname,manager_lastname,login_id) VALUES (44,'Zelda','Richard',2);
INSERT INTO manager (manager_id,manager_firstname,manager_lastname,login_id) VALUES (45,'Clarke','Wood',10);
INSERT INTO manager (manager_id,manager_firstname,manager_lastname,login_id) VALUES (46,'Adria','Porter',27);
INSERT INTO manager (manager_id,manager_firstname,manager_lastname,login_id) VALUES (47,'Patience','Richard',40);
INSERT INTO manager (manager_id,manager_firstname,manager_lastname,login_id) VALUES (48,'Karina','Burton',18);
INSERT INTO manager (manager_id,manager_firstname,manager_lastname,login_id) VALUES (49,'Ray','Johnson',11);
INSERT INTO manager (manager_id,manager_firstname,manager_lastname,login_id) VALUES (50,'Vielka','Morrow',24);
/*Populate contractor*/
INSERT INTO contractor (contractor_id,contractor_firstname,contractor_lastname,login_id,manager_id) VALUES (1,'Hasad','Hewitt',4,20);
INSERT INTO contractor (contractor_id,contractor_firstname,contractor_lastname,login_id,manager_id) VALUES (2,'Alice','Key',15,31);
INSERT INTO contractor (contractor_id,contractor_firstname,contractor_lastname,login_id,manager_id) VALUES (3,'Flavia','Terry',2,34);
INSERT INTO contractor (contractor_id,contractor_firstname,contractor_lastname,login_id,manager_id) VALUES (4,'Katell','Good',39,39);
INSERT INTO contractor (contractor_id,contractor_firstname,contractor_lastname,login_id,manager_id) VALUES (5,'Castor','Savage',1,13);
INSERT INTO contractor (contractor_id,contractor_firstname,contractor_lastname,login_id,manager_id) VALUES (6,'Florence','Garcia',12,2);
INSERT INTO contractor (contractor_id,contractor_firstname,contractor_lastname,login_id,manager_id) VALUES (7,'Nerea','Clayton',6,48);
INSERT INTO contractor (contractor_id,contractor_firstname,contractor_lastname,login_id,manager_id) VALUES (8,'Jamal','Santiago',32,13);
INSERT INTO contractor (contractor_id,contractor_firstname,contractor_lastname,login_id,manager_id) VALUES (9,'Melanie','Knight',24,12);
INSERT INTO contractor (contractor_id,contractor_firstname,contractor_lastname,login_id,manager_id) VALUES (10,'Shaeleigh','Burks',25,30);
INSERT INTO contractor (contractor_id,contractor_firstname,contractor_lastname,login_id,manager_id) VALUES (11,'Acton','Fitzgerald',27,25);
INSERT INTO contractor (contractor_id,contractor_firstname,contractor_lastname,login_id,manager_id) VALUES (12,'Alan','Mooney',21,29);
INSERT INTO contractor (contractor_id,contractor_firstname,contractor_lastname,login_id,manager_id) VALUES (13,'Caesar','Payne',29,2);
INSERT INTO contractor (contractor_id,contractor_firstname,contractor_lastname,login_id,manager_id) VALUES (14,'Graiden','Keller',6,2);
INSERT INTO contractor (contractor_id,contractor_firstname,contractor_lastname,login_id,manager_id) VALUES (15,'Lacey','Contreras',44,31);
INSERT INTO contractor (contractor_id,contractor_firstname,contractor_lastname,login_id,manager_id) VALUES (16,'Keiko','Bolton',29,41);
INSERT INTO contractor (contractor_id,contractor_firstname,contractor_lastname,login_id,manager_id) VALUES (17,'Savannah','Compton',32,26);
INSERT INTO contractor (contractor_id,contractor_firstname,contractor_lastname,login_id,manager_id) VALUES (18,'Arden','Riggs',42,40);
INSERT INTO contractor (contractor_id,contractor_firstname,contractor_lastname,login_id,manager_id) VALUES (19,'Joseph','Whitney',36,6);
INSERT INTO contractor (contractor_id,contractor_firstname,contractor_lastname,login_id,manager_id) VALUES (20,'Lysandra','Booth',7,19);
INSERT INTO contractor (contractor_id,contractor_firstname,contractor_lastname,login_id,manager_id) VALUES (21,'Zelenia','Livingston',11,40);
INSERT INTO contractor (contractor_id,contractor_firstname,contractor_lastname,login_id,manager_id) VALUES (22,'Colton','Olsen',14,31);
INSERT INTO contractor (contractor_id,contractor_firstname,contractor_lastname,login_id,manager_id) VALUES (23,'Oprah','Hickman',15,20);
INSERT INTO contractor (contractor_id,contractor_firstname,contractor_lastname,login_id,manager_id) VALUES (24,'Illana','Grimes',23,17);
INSERT INTO contractor (contractor_id,contractor_firstname,contractor_lastname,login_id,manager_id) VALUES (25,'Solomon','Berry',27,50);
INSERT INTO contractor (contractor_id,contractor_firstname,contractor_lastname,login_id,manager_id) VALUES (26,'Stuart','Perez',12,35);
INSERT INTO contractor (contractor_id,contractor_firstname,contractor_lastname,login_id,manager_id) VALUES (27,'Yoshio','Dejesus',4,30);
INSERT INTO contractor (contractor_id,contractor_firstname,contractor_lastname,login_id,manager_id) VALUES (28,'Virginia','Rasmussen',49,6);
INSERT INTO contractor (contractor_id,contractor_firstname,contractor_lastname,login_id,manager_id) VALUES (29,'Taylor','Perkins',19,30);
INSERT INTO contractor (contractor_id,contractor_firstname,contractor_lastname,login_id,manager_id) VALUES (30,'Wynne','Mack',46,34);
INSERT INTO contractor (contractor_id,contractor_firstname,contractor_lastname,login_id,manager_id) VALUES (31,'Amanda','Lindsey',20,36);
INSERT INTO contractor (contractor_id,contractor_firstname,contractor_lastname,login_id,manager_id) VALUES (32,'Kiona','Benson',38,11);
INSERT INTO contractor (contractor_id,contractor_firstname,contractor_lastname,login_id,manager_id) VALUES (33,'Nadine','Padilla',40,39);
INSERT INTO contractor (contractor_id,contractor_firstname,contractor_lastname,login_id,manager_id) VALUES (34,'Adam','Nash',29,49);
INSERT INTO contractor (contractor_id,contractor_firstname,contractor_lastname,login_id,manager_id) VALUES (35,'Kelly','Bradshaw',49,25);
INSERT INTO contractor (contractor_id,contractor_firstname,contractor_lastname,login_id,manager_id) VALUES (36,'Herrod','Griffith',7,47);
INSERT INTO contractor (contractor_id,contractor_firstname,contractor_lastname,login_id,manager_id) VALUES (37,'Willow','Pope',24,25);
INSERT INTO contractor (contractor_id,contractor_firstname,contractor_lastname,login_id,manager_id) VALUES (38,'Lara','Horn',17,25);
INSERT INTO contractor (contractor_id,contractor_firstname,contractor_lastname,login_id,manager_id) VALUES (39,'Arsenio','Sampson',33,49);
INSERT INTO contractor (contractor_id,contractor_firstname,contractor_lastname,login_id,manager_id) VALUES (40,'Ila','Sharp',6,1);
INSERT INTO contractor (contractor_id,contractor_firstname,contractor_lastname,login_id,manager_id) VALUES (41,'Griffith','Cruz',32,33);
INSERT INTO contractor (contractor_id,contractor_firstname,contractor_lastname,login_id,manager_id) VALUES (42,'Preston','Casey',2,17);
INSERT INTO contractor (contractor_id,contractor_firstname,contractor_lastname,login_id,manager_id) VALUES (43,'Lana','Reese',10,32);
INSERT INTO contractor (contractor_id,contractor_firstname,contractor_lastname,login_id,manager_id) VALUES (44,'Ursa','Rowland',49,10);
INSERT INTO contractor (contractor_id,contractor_firstname,contractor_lastname,login_id,manager_id) VALUES (45,'Demetrius','Gaines',17,14);
INSERT INTO contractor (contractor_id,contractor_firstname,contractor_lastname,login_id,manager_id) VALUES (46,'Hayden','Mcclain',15,32);
INSERT INTO contractor (contractor_id,contractor_firstname,contractor_lastname,login_id,manager_id) VALUES (47,'Tatum','Hunter',18,42);
INSERT INTO contractor (contractor_id,contractor_firstname,contractor_lastname,login_id,manager_id) VALUES (48,'Quentin','Kemp',2,46);
INSERT INTO contractor (contractor_id,contractor_firstname,contractor_lastname,login_id,manager_id) VALUES (49,'Nita','Black',15,12);
INSERT INTO contractor (contractor_id,contractor_firstname,contractor_lastname,login_id,manager_id) VALUES (50,'Fulton','Green',31,38);

/*Populate agency contractor*/